PlayerName,Appearances,Wins,Losses,Saves,PenaltiesSaved,Punches,HighClaims,Catches,SweeperClearances,ThrowOuts,GoalKicks,CleanSheets,GoalsConceded,ErrorsLeadingToGoal,OwnGoals,YellowCards,RedCards,Fouls,Goals,Assists,Passes,PassesPerMatch,AccurateLongBalls,Tackles,TackleSuccess%,LastManTackles,BlockedShots,Interceptions,Clearances,HeadedClearance,ClearancesOffLine,Recoveries,DuelsWon,DuelsLost,Successful5050s,AerialBattlesWon,AerialBattlesLost,BigChancesCreated,Crosses,CrossAccuracy%,ThroughBalls,GoalsPerMatch,HeadedGoals,GoalsWithRightFoot,GoalsWithLeftFoot,PenaltiesScored,FreekicksScored,Shots,ShotsOnTarget,ShootingAccuracy%,HitWoodwork,BigChancesMissed,Offsides
Aaron  Ramsdale ,6,5,0,9,0,0,7,0,0,30,19,2,5,1,0,0,0,0,0,0,158,26.33,23,0,0,0,0,0,0,0,0,0,0,0,0,0,0,0,0,0,0,0,0,0,0,0,0,0,0,0,0,0,0
Karl  Hein ,0,0,0,0,0,0,0,0,0,0,0,0,0,0,0,0,0,0,0,0,0,0.00,0,0,0,0,0,0,0,0,0,0,0,0,0,0,0,0,0,0,0,0,0,0,0,0,0,0,0,0,0,0,0
David  Raya ,32,23,5,46,1,5,35,4,0,159,96,16,24,3,0,2,0,0,0,0,906,28.31,143,0,0,0,0,0,0,0,0,0,0,0,0,0,0,0,0,0,0,0,0,0,0,0,0,0,0,0,0,0,0
Ben  White ,37,27,5,0,0,0,0,0,0,0,0,13,26,0,0,8,0,19,4,4,"1,911",51.65,51,48,58%,0,1,32,67,39,0,120,105,92,9,36,22,7,57,23%,5,0,1,1,2,0,0,0,0,0,0,0,11
Gabriel  Magalhães ,36,27,5,0,0,0,0,0,0,0,0,15,26,0,1,4,0,35,4,0,"2,144",59.56,69,48,58%,2,6,31,97,59,1,136,161,106,2,79,64,2,4,25%,2,0,4,0,0,0,0,0,0,0,0,0,1
William  Saliba ,38,28,5,0,0,0,0,0,0,0,0,18,29,0,0,4,0,22,2,1,"2,839",74.71,68,41,63%,4,4,29,78,46,0,213,139,94,10,72,49,0,3,33%,3,0,2,0,0,0,0,0,0,0,0,0,0
Jakub  Kiwior ,20,17,1,0,0,0,0,0,0,0,0,5,8,0,0,1,0,10,1,3,544,27.20,21,20,60%,0,2,8,24,13,0,35,40,29,2,16,11,1,12,25%,1,0,1,0,0,0,0,0,0,0,0,0,0
Takehiro  Tomiyasu ,22,17,3,0,0,0,0,0,0,0,0,3,10,0,0,0,1,14,2,1,608,27.64,16,20,45%,0,6,18,30,16,0,54,57,50,4,26,20,0,14,36%,2,0,0,2,0,0,0,0,0,0,0,0,1
Oleksandr  Zinchenko ,27,19,4,0,0,0,0,0,0,0,0,3,15,1,0,2,0,7,1,2,"1,411",52.26,53,50,60%,0,10,20,22,10,1,104,93,60,7,27,16,5,30,17%,11,0,0,0,1,0,0,0,0,0,0,0,1
Jurriën  Timber ,2,2,0,0,0,0,0,0,0,0,0,0,0,0,0,2,0,3,0,0,67,33.50,1,2,100%,0,0,0,1,0,0,4,4,5,1,1,1,0,1,0%,0,0,0,0,0,0,0,0,0,0,0,0,1
James  Sweet ,0,0,0,0,0,0,0,0,0,0,0,0,0,0,0,0,0,0,0,0,0,0.00,0,0,0%,0,0,0,0,0,0,0,0,0,0,0,0,0,0,0%,0,0,0,0,0,0,0,0,0,0,0,0,0
Cédric  Soares ,3,3,0,0,0,0,0,0,0,0,0,0,0,0,0,0,0,0,0,0,59,19.67,4,0,0%,0,0,0,0,0,0,3,1,1,0,0,1,0,4,0%,0,0,0,0,0,0,0,0,0,0,0,0,0
Reuell  Walters ,0,0,0,0,0,0,0,0,0,0,0,0,0,0,0,0,0,0,0,0,0,0.00,0,0,0%,0,0,0,0,0,0,0,0,0,0,0,0,0,0,0%,0,0,0,0,0,0,0,0,0,0,0,0,0
Ayden  Heaven ,0,0,0,0,0,0,0,0,0,0,0,0,0,0,0,0,0,0,0,0,0,0.00,0,0,0%,0,0,0,0,0,0,0,0,0,0,0,0,0,0,0%,0,0,0,0,0,0,0,0,0,0,0,0,0
Thomas  Partey ,14,12,0,0,0,0,0,0,0,0,0,0,0,0,0,3,0,10,0,0,621,44.36,25,14,79%,0,3,11,8,2,0,56,36,33,9,7,8,0,2,100%,3,0.00,0,0,0,0,0,8,2,25%,0,0,0
Martin  Ødegaard ,35,26,4,0,0,0,0,0,0,0,0,0,0,0,0,2,0,30,8,10,"1,900",54.29,45,49,35%,0,30,15,5,3,0,158,125,176,37,3,9,17,77,39%,39,0.23,0,0,8,2,0,77,23,30%,0,4,3
Emile  Smith Rowe ,13,9,2,0,0,0,0,0,0,0,0,0,0,0,0,0,0,5,0,1,211,16.23,1,4,25%,0,4,3,1,0,0,15,12,19,3,3,5,0,1,0%,0,0.00,0,0,0,0,0,15,7,47%,1,1,0
 Jorginho ,24,18,2,0,0,0,0,0,0,0,0,0,0,1,0,1,0,9,0,2,773,32.21,38,24,42%,0,2,12,7,2,0,49,48,35,2,7,7,2,3,33%,5,0.00,0,0,0,0,0,4,0,0%,0,0,0
Fábio  Vieira ,11,8,1,0,0,0,0,0,0,0,0,0,0,0,0,0,1,8,1,2,134,12.18,4,3,67%,0,1,2,1,0,0,16,16,18,2,1,0,2,15,20%,3,0.09,0,0,1,1,0,7,2,29%,0,0,2
Mohamed  Elneny ,3,3,0,0,0,0,0,0,0,0,0,0,0,0,0,0,0,1,0,0,40,13.33,0,0,0%,0,0,1,0,0,0,2,1,3,0,1,1,0,0,0%,0,0.00,0,0,0,0,0,2,1,50%,0,0,0
Mauro  Bandeira ,0,0,0,0,0,0,0,0,0,0,0,0,0,0,0,0,0,0,0,0,0,0.00,0,0,0%,0,0,0,0,0,0,0,0,0,0,0,0,0,0,0%,0,0.00,0,0,0,0,0,0,0,0%,0,0,0
Ethan  Nwaneri ,1,1,0,0,0,0,0,0,0,0,0,0,0,0,0,0,0,1,0,0,18,18.00,0,0,0%,0,0,0,0,0,0,0,2,1,0,1,0,0,0,0%,0,0.00,0,0,0,0,0,0,0,0%,0,0,0
Kai  Havertz ,37,28,4,0,0,0,0,0,0,0,0,0,0,0,0,11,0,49,13,7,932,25.19,8,35,43%,0,18,20,22,19,0,122,197,220,16,105,105,8,12,17%,2,0.35,3,3,7,1,0,69,28,41%,1,13,15
Declan  Rice ,38,28,5,0,0,0,0,0,0,0,0,0,0,0,0,5,0,34,7,8,"2,227",58.61,78,83,61%,0,23,44,51,29,0,178,156,143,21,39,46,9,60,35%,2,0.18,2,5,0,0,0,58,20,34%,2,2,2
Amario  Cozier-Duberry ,0,0,0,0,0,0,0,0,0,0,0,0,0,0,0,0,0,0,0,0,0,0.00,0,0,0%,0,0,0,0,0,0,0,0,0,0,0,0,0,0,0%,0,0.00,0,0,0,0,0,0,0,0%,0,0,0
Myles  Lewis-Skelly ,0,0,0,0,0,0,0,0,0,0,0,0,0,0,0,0,0,0,0,0,0,0.00,0,0,0%,0,0,0,0,0,0,0,0,0,0,0,0,0,0,0%,0,0.00,0,0,0,0,0,0,0,0%,0,0,0
Bukayo  Saka ,35,25,5,0,0,0,0,0,0,0,0,0,0,0,0,4,0,41,16,9,"1,310",37.43,0,66,0,0,44,15,19,6,0,0,0,0,0,0,0,15,181,0,0,0.46,1,4,11,6,0,108,37,34%,3,11,8
Gabriel  Jesus ,27,18,4,0,0,0,0,0,0,0,0,0,0,0,0,6,0,26,4,5,490,18.15,0,24,0,0,16,13,11,9,0,0,0,0,0,0,0,6,9,0,0,0.15,2,1,1,0,0,55,19,35%,2,7,16
Gabriel  Martinelli ,35,26,5,0,0,0,0,0,0,0,0,0,0,0,0,1,0,23,6,4,807,23.06,24,30,80%,0,19,5,7,2,0,95,109,169,40,17,26,7,109,26%,3,0.17,0,5,1,0,0,58,22,38%,1,5,9
Eddie  Nketiah ,27,18,5,0,0,0,0,0,0,0,0,0,0,0,0,3,0,24,5,2,209,7.74,0,12,0,0,8,4,4,4,0,0,0,0,0,0,0,2,5,0,0,0.19,0,5,0,0,0,38,12,32%,2,4,8
Leandro  Trossard ,34,25,5,0,0,0,0,0,0,0,0,0,0,0,0,2,0,15,12,1,606,17.82,0,27,0,0,19,8,5,4,0,0,0,0,0,0,0,3,57,0,0,0.35,1,7,4,0,0,60,22,37%,1,7,9
Reiss  Nelson ,15,11,3,0,0,0,0,0,0,0,0,0,0,0,0,1,0,5,0,0,127,8.47,2,9,67%,0,2,1,5,1,0,22,16,22,1,0,5,1,14,21%,0,0.00,0,0,0,0,0,4,1,25%,0,0,0
Emiliano  Martínez ,34,19,7,95,0,4,42,3,0,157,159,8,48,2,2,4,0,1,0,0,"1,272",37.41,163,0,0,0,0,0,0,0,0,0,0,0,0,0,0,0,0,0,0,0,0,0,0,0,0,0,0,0,0,0,0
Robin  Olsen ,5,1,3,21,1,1,5,3,0,19,27,0,13,0,0,0,0,0,0,0,184,36.80,20,0,0,0,0,0,0,0,0,0,0,0,0,0,0,0,0,0,0,0,0,0,0,0,0,0,0,0,0,0,0
James  Wright ,0,0,0,0,0,0,0,0,0,0,0,0,0,0,0,0,0,0,0,0,0,0.00,0,0,0,0,0,0,0,0,0,0,0,0,0,0,0,0,0,0,0,0,0,0,0,0,0,0,0,0,0,0,0
Sam  Proctor ,0,0,0,0,0,0,0,0,0,0,0,0,0,0,0,0,0,0,0,0,0,0.00,0,0,0,0,0,0,0,0,0,0,0,0,0,0,0,0,0,0,0,0,0,0,0,0,0,0,0,0,0,0,0
Joe  Gauci ,0,0,0,0,0,0,0,0,0,0,0,0,0,0,0,0,0,0,0,0,0,0.00,0,0,0,0,0,0,0,0,0,0,0,0,0,0,0,0,0,0,0,0,0,0,0,0,0,0,0,0,0,0,0
Lander  Emery ,0,0,0,0,0,0,0,0,0,0,0,0,0,0,0,0,0,0,0,0,0,0.00,0,0,0,0,0,0,0,0,0,0,0,0,0,0,0,0,0,0,0,0,0,0,0,0,0,0,0,0,0,0,0
Matty  Cash ,29,16,7,0,0,0,0,0,0,0,0,2,36,0,1,8,0,30,2,2,"1,028",35.45,31,54,57%,0,10,18,52,28,1,110,103,114,12,15,21,6,39,23%,0,0,0,2,0,0,0,0,0,0,0,0,0
Diego  Carlos ,27,12,9,0,0,0,0,0,0,0,0,5,36,1,0,4,0,26,0,0,"1,339",49.59,66,27,59%,2,2,13,78,35,1,78,54,66,2,22,28,0,1,0%,0,0,0,0,0,0,0,0,0,0,0,0,1
Ezri  Konsa ,35,18,9,0,0,0,0,0,0,0,0,6,54,2,0,5,0,14,1,0,"1,953",55.80,46,54,59%,3,5,28,68,29,0,142,167,53,19,30,14,1,17,24%,1,0,0,1,0,0,0,0,0,0,0,0,0
Tyrone  Mings ,1,0,1,0,0,0,0,0,0,0,0,0,2,0,0,0,0,0,0,0,5,5.00,1,0,0%,0,1,1,1,0,0,2,1,0,0,1,0,0,0,0%,1,0,0,0,0,0,0,0,0,0,0,0,0
Álex  Moreno ,21,10,6,0,0,0,0,0,0,0,0,2,20,0,1,2,0,11,2,0,407,19.38,13,18,67%,0,1,13,33,18,0,40,53,50,15,4,10,1,37,11%,0,0,1,0,1,0,0,0,0,0,0,0,2
Calum  Chambers ,5,1,3,0,0,0,0,0,0,0,0,0,6,0,0,1,0,3,0,1,113,22.60,4,3,0%,0,0,2,4,1,0,8,6,6,1,1,1,0,0,0%,0,0,0,0,0,0,0,0,0,0,0,0,0
Lucas  Digne ,33,17,9,0,0,0,0,0,0,0,0,3,41,0,0,7,0,29,1,3,"1,013",30.70,21,47,40%,0,7,26,61,40,0,101,129,101,10,42,25,5,154,23%,0,0,1,0,0,0,0,0,0,0,0,0,3
Kortney  Hause ,0,0,0,0,0,0,0,0,0,0,0,0,0,0,0,0,0,0,0,0,0,0.00,0,0,0%,0,0,0,0,0,0,0,0,0,0,0,0,0,0,0%,0,0,0,0,0,0,0,0,0,0,0,0,0
Pau  Torres ,29,18,5,0,0,0,0,0,0,0,0,6,37,0,0,1,0,18,2,0,"1,770",61.03,85,29,62%,0,3,14,74,30,2,127,79,76,17,23,22,1,8,38%,1,0,1,0,1,0,0,0,0,0,0,0,2
Clément  Lenglet ,14,5,6,0,0,0,0,0,0,0,0,2,27,0,0,3,0,3,0,1,910,65.00,51,13,69%,0,3,7,47,27,0,37,43,25,3,15,11,1,3,0%,0,0,0,0,0,0,0,0,0,0,0,0,0
Finley  Munroe ,1,0,1,0,0,0,0,0,0,0,0,0,0,0,0,0,0,0,0,0,1,1.00,0,0,0%,0,0,0,0,0,0,0,0,0,0,0,0,0,0,0%,0,0,0,0,0,0,0,0,0,0,0,0,0
Kaine  Kesler-Hayden ,3,2,1,0,0,0,0,0,0,0,0,0,0,0,0,0,0,0,0,0,0,0.00,0,0,0%,0,0,0,0,0,0,0,0,1,0,0,1,0,0,0%,0,0,0,0,0,0,0,0,0,0,0,0,0
Douglas  Luiz ,35,17,10,0,0,0,0,0,0,0,0,0,0,1,0,12,0,51,9,5,"1,973",56.37,99,58,66%,0,20,23,17,5,0,184,148,141,24,25,19,10,115,27%,11,0.26,1,8,0,4,0,48,17,35%,1,3,0
John  McGinn ,35,19,9,0,0,0,0,0,0,0,0,0,0,0,0,9,1,39,6,4,"1,142",32.63,73,59,59%,0,11,21,18,9,0,161,191,191,54,9,19,10,74,34%,15,0.17,0,3,3,0,1,40,16,40%,0,3,2
Emiliano  Buendía ,0,0,0,0,0,0,0,0,0,0,0,0,0,0,0,0,0,0,0,0,0,0.00,0,0,0%,0,0,0,0,0,0,0,0,0,0,0,0,0,0,0%,0,0.00,0,0,0,0,0,0,0,0%,0,0,0
Jacob  Ramsey ,16,11,3,0,0,0,0,0,0,0,0,0,0,0,0,2,0,7,1,1,310,19.38,0,16,50%,0,4,3,7,2,0,42,41,52,8,5,3,1,11,18%,3,0.06,0,1,0,0,0,19,5,26%,0,2,0
Boubacar  Kamara ,20,13,5,0,0,0,0,0,0,0,0,0,0,0,0,7,1,35,0,1,"1,024",51.20,41,43,67%,0,1,21,15,7,0,97,105,108,14,20,25,1,2,0%,6,0.00,0,0,0,0,0,5,1,20%,0,0,0
Travis  Patterson ,0,0,0,0,0,0,0,0,0,0,0,0,0,0,0,0,0,0,0,0,0,0.00,0,0,0%,0,0,0,0,0,0,0,0,0,0,0,0,0,0,0%,0,0.00,0,0,0,0,0,0,0,0%,0,0,0
Leon  Bailey ,35,18,9,0,0,0,0,0,0,0,0,0,0,0,0,5,0,26,10,9,701,20.03,27,13,54%,0,16,9,4,1,0,107,110,156,57,15,24,12,75,23%,11,0.29,0,4,6,0,0,53,18,34%,2,1,11
Youri  Tielemans ,32,18,7,0,0,0,0,0,0,0,0,0,0,0,0,3,0,22,2,6,907,28.34,36,41,49%,0,5,15,8,4,0,97,98,86,15,13,9,5,31,6%,17,0.06,0,2,0,0,0,14,6,43%,2,1,0
Tim  Iroegbunam ,9,4,4,0,0,0,0,0,0,0,0,0,0,0,0,0,0,9,0,0,55,6.11,0,7,71%,0,0,2,2,1,0,15,14,19,3,2,0,0,0,0%,0,0.00,0,0,0,0,0,0,0,0%,0,0,0
Omari  Kellyman ,2,0,2,0,0,0,0,0,0,0,0,0,0,0,0,0,0,0,0,0,7,3.50,0,1,0%,0,1,0,0,0,0,2,1,2,0,0,1,0,0,0%,0,0.00,0,0,0,0,0,1,0,0%,0,0,0
Nicolò  Zaniolo ,25,11,7,0,0,0,0,0,0,0,0,0,0,0,0,7,0,24,2,0,208,8.32,3,19,47%,0,10,1,11,8,0,36,60,112,13,7,14,0,18,0%,0,0.08,1,0,1,0,0,27,10,37%,0,3,0
Kadan  Young ,0,0,0,0,0,0,0,0,0,0,0,0,0,0,0,0,0,0,0,0,0,0.00,0,0,0,0,0,0,0,0,0,0,0,0,0,0,0,0,0,0,0,0.00,0,0,0,0,0,0,0,0%,0,0,0
Ollie  Watkins ,37,20,9,0,0,0,0,0,0,0,0,0,0,0,0,4,0,22,19,13,590,15.95,0,12,0,0,21,4,19,15,0,0,0,0,0,0,0,11,13,0,0,0.51,5,10,4,0,0,107,47,44%,5,22,16
Jhon  Durán ,23,11,5,0,0,0,0,0,0,0,0,0,0,0,0,5,0,12,5,0,114,4.96,0,6,0,0,3,1,9,6,0,0,0,0,0,0,0,0,6,0,0,0.22,0,0,5,0,0,20,7,35%,1,1,4
Moussa  Diaby ,38,20,10,0,0,0,0,0,0,0,0,0,0,0,0,1,0,16,6,8,569,14.97,0,12,0,0,15,9,5,2,0,0,0,0,0,0,0,13,45,0,0,0.16,0,3,3,0,0,54,23,43%,1,7,6
Morgan  Rogers ,11,6,2,0,0,0,0,0,0,0,0,0,0,0,0,3,0,12,3,1,188,17.09,0,8,0,0,3,3,8,6,0,0,0,0,0,0,0,1,2,0,0,0.27,0,2,1,0,0,11,5,45%,0,1,0
Darren  Randolph ,0,0,0,0,0,0,0,0,0,0,0,0,0,0,0,0,0,0,0,0,0,0.00,0,0,0,0,0,0,0,0,0,0,0,0,0,0,0,0,0,0,0,0,0,0,0,0,0,0,0,0,0,0,0
 Neto ,32,10,13,115,1,26,20,4,0,154,223,7,55,2,0,5,0,1,0,0,902,28.19,188,0,0,0,0,0,0,0,0,0,0,0,0,0,0,0,0,0,0,0,0,0,0,0,0,0,0,0,0,0,0
Cameron  Plain ,0,0,0,0,0,0,0,0,0,0,0,0,0,0,0,0,0,0,0,0,0,0.00,0,0,0,0,0,0,0,0,0,0,0,0,0,0,0,0,0,0,0,0,0,0,0,0,0,0,0,0,0,0,0
Andrei  Radu ,2,1,1,5,0,1,2,0,0,10,11,0,7,0,0,0,0,0,0,0,58,29.00,8,0,0,0,0,0,0,0,0,0,0,0,0,0,0,0,0,0,0,0,0,0,0,0,0,0,0,0,0,0,0
Mark  Travers ,4,2,2,13,0,2,3,0,0,13,26,2,5,0,0,0,0,1,0,0,105,26.25,23,0,0,0,0,0,0,0,0,0,0,0,0,0,0,0,0,0,0,0,0,0,0,0,0,0,0,0,0,0,0
Callan  McKenna ,0,0,0,0,0,0,0,0,0,0,0,0,0,0,0,0,0,0,0,0,0,0.00,0,0,0,0,0,0,0,0,0,0,0,0,0,0,0,0,0,0,0,0,0,0,0,0,0,0,0,0,0,0,0
Ryan  Fredericks ,0,0,0,0,0,0,0,0,0,0,0,0,0,0,0,0,0,0,0,0,0,0.00,0,0,0%,0,0,0,0,0,0,0,0,0,0,0,0,0,0,0%,0,0,0,0,0,0,0,0,0,0,0,0,0
Lloyd  Kelly ,23,7,11,0,0,0,0,0,0,0,0,4,32,0,0,2,0,17,0,1,772,33.57,55,24,79%,0,0,13,59,26,0,121,67,52,2,28,18,2,21,24%,1,0,0,0,0,0,0,0,0,0,0,0,0
Chris  Mepham ,10,4,2,0,0,0,0,0,0,0,0,0,16,0,0,2,0,15,0,1,354,35.40,25,12,92%,0,0,7,29,18,0,31,43,42,0,30,20,1,1,0%,0,0,0,0,0,0,0,0,0,0,0,0,0
Adam  Smith ,28,13,9,0,0,0,0,0,0,0,0,6,33,0,0,6,0,30,0,2,768,27.43,23,37,62%,0,1,21,49,23,1,92,81,85,4,19,23,2,39,46%,3,0,0,0,0,0,0,0,0,0,0,0,1
Marcos  Senesi ,31,9,14,0,0,0,0,0,0,0,0,4,44,0,0,13,0,41,4,5,"1,259",40.61,125,55,58%,2,0,35,105,51,0,164,114,131,11,41,41,2,25,44%,4,0,3,1,0,0,0,0,0,0,1,0,0
Illia  Zabarnyi ,37,12,16,0,0,0,0,0,0,0,0,8,67,1,0,5,0,24,1,0,"1,802",48.70,131,59,54%,1,2,33,138,61,0,153,167,115,9,77,61,0,1,0%,2,0,1,0,0,0,0,0,0,0,0,0,0
Max  Kinsey ,0,0,0,0,0,0,0,0,0,0,0,0,0,0,0,0,0,0,0,0,0,0.00,0,0,0%,0,0,0,0,0,0,0,0,0,0,0,0,0,0,0%,0,0,0,0,0,0,0,0,0,0,0,0,0
James  Hill ,5,3,1,0,0,0,0,0,0,0,0,0,1,0,0,0,0,1,0,0,34,6.80,3,3,67%,0,0,3,8,5,0,7,7,4,0,4,1,0,0,0%,0,0,0,0,0,0,0,0,0,0,0,0,0
Milos  Kerkez ,28,8,12,0,0,0,0,0,0,0,0,2,37,1,1,4,1,25,0,1,627,22.39,22,47,55%,0,5,20,56,23,0,93,98,88,12,18,32,3,55,20%,1,0,0,0,0,0,0,0,0,0,1,0,1
Max  Aarons ,20,4,12,0,0,0,0,0,0,0,0,1,34,0,0,1,0,12,0,1,451,22.55,20,29,66%,0,1,8,21,3,0,75,74,57,14,5,11,1,13,23%,2,0,0,0,0,0,0,0,0,0,0,0,2
Lewis  Cook ,33,11,14,0,0,0,0,0,0,0,0,0,0,1,0,5,1,39,0,3,"1,343",40.70,51,61,67%,0,3,65,43,18,0,228,140,129,21,42,31,3,132,26%,2,0.00,0,0,0,0,0,12,4,33%,0,0,2
Ryan  Christie ,37,12,16,0,0,0,0,0,0,0,0,0,0,0,0,6,0,48,0,5,"1,220",32.97,88,86,51%,0,14,52,50,27,0,231,196,225,51,22,38,10,73,26%,17,0.00,0,0,0,0,0,43,13,30%,0,0,5
Marcus  Tavernier ,30,11,12,0,0,0,0,0,0,0,0,0,0,0,0,3,0,20,3,4,760,25.33,26,53,64%,0,16,5,19,8,0,142,132,169,44,13,31,7,116,21%,3,0.10,0,0,3,0,0,53,16,30%,1,3,3
Philip  Billing ,29,10,13,0,0,0,0,0,0,0,0,0,0,1,0,3,1,19,2,2,501,17.28,17,33,48%,0,8,20,27,16,0,76,93,96,12,36,24,7,29,24%,0,0.07,0,0,1,0,0,30,8,27%,1,1,0
Dominic  Sadi ,1,1,0,0,0,0,0,0,0,0,0,0,0,0,0,0,0,0,0,0,1,1.00,0,0,0%,0,0,0,0,0,0,0,0,1,0,0,1,0,0,0%,0,0.00,0,0,0,0,0,0,0,0%,0,0,0
Romain  Faivre ,5,0,3,0,0,0,0,0,0,0,0,0,0,0,0,1,0,2,0,0,23,4.60,0,1,100%,0,1,0,0,0,0,1,7,10,2,0,1,0,3,0%,0,0.00,0,0,0,0,0,2,0,0%,0,0,0
Alex  Scott ,23,8,11,0,0,0,0,0,0,0,0,0,0,1,0,3,0,20,1,1,432,18.78,15,24,63%,0,5,12,17,9,0,63,76,89,13,17,22,4,36,19%,2,0.04,0,0,1,0,0,15,4,27%,0,0,1
Tyler  Adams ,3,2,1,0,0,0,0,0,0,0,0,0,0,0,0,0,0,0,0,0,69,23.00,4,4,75%,0,0,4,2,2,0,7,11,4,2,2,3,0,1,0%,0,0.00,0,0,0,0,0,0,0,0%,0,0,0
Dominic  Solanke ,38,13,16,0,0,0,0,0,0,0,0,0,0,0,0,3,0,42,19,3,533,14.03,0,23,0,0,31,7,43,33,0,0,0,0,0,0,0,3,6,0,0,0.50,4,14,1,2,0,109,38,35%,4,14,16
Dango  Ouattara ,30,12,12,0,0,0,0,0,0,0,0,0,0,0,0,3,0,15,1,2,448,14.93,0,45,0,0,10,22,33,14,0,0,0,0,0,0,0,1,36,0,0,0.03,1,0,0,0,0,30,7,23%,0,2,4
Antoine  Semenyo ,33,13,13,0,0,0,0,0,0,0,0,0,0,0,0,6,0,43,8,2,587,17.79,0,24,0,0,20,6,20,14,0,0,0,0,0,0,0,6,45,0,0,0.24,0,4,4,0,0,70,31,44%,1,5,3
Justin  Kluivert ,32,10,13,0,0,0,0,0,0,0,0,0,0,0,0,5,0,52,7,1,381,11.91,0,28,0,0,22,8,10,3,0,0,0,0,0,0,0,1,29,0,0,0.22,0,5,2,0,0,56,20,36%,1,7,5
Luis  Sinisterra ,20,7,7,0,0,0,0,0,0,0,0,0,0,0,0,0,0,11,2,2,281,14.05,0,23,0,0,8,8,4,1,0,0,0,0,0,0,0,2,11,0,0,0.10,0,2,0,0,0,27,9,33%,1,1,4
Enes  Ünal ,16,6,7,0,0,0,0,0,0,0,0,0,0,0,0,1,0,10,2,2,72,4.50,0,6,0,0,5,1,6,3,0,0,0,0,0,0,0,2,3,0,0,0.13,1,1,0,0,0,23,11,48%,0,6,6
Thomas  Strakosha ,2,1,1,6,0,1,2,0,0,5,15,0,2,0,0,0,0,0,0,0,66,33.00,16,0,0,0,0,0,0,0,0,0,0,0,0,0,0,0,0,0,0,0,0,0,0,0,0,0,0,0,0,0,0
Mark  Flekken ,37,10,18,115,0,23,40,1,0,131,289,7,63,1,0,3,0,2,0,1,"1,446",39.08,321,0,0,0,0,0,0,0,0,0,0,0,0,0,0,0,0,0,0,0,0,0,0,0,0,0,0,0,0,0,0
Ellery  Balcombe ,0,0,0,0,0,0,0,0,0,0,0,0,0,0,0,0,0,0,0,0,0,0.00,0,0,0,0,0,0,0,0,0,0,0,0,0,0,0,0,0,0,0,0,0,0,0,0,0,0,0,0,0,0,0
Vincent  Angelini ,0,0,0,0,0,0,0,0,0,0,0,0,0,0,0,0,0,0,0,0,0,0.00,0,0,0,0,0,0,0,0,0,0,0,0,0,0,0,0,0,0,0,0,0,0,0,0,0,0,0,0,0,0,0
Hákon  Valdimarsson ,0,0,0,0,0,0,0,0,0,0,0,0,0,0,0,0,0,0,0,0,0,0.00,0,0,0,0,0,0,0,0,0,0,0,0,0,0,0,0,0,0,0,0,0,0,0,0,0,0,0,0,0,0,0
Aaron  Hickey ,9,2,3,0,0,0,0,0,0,0,0,0,12,0,0,5,0,10,0,0,252,28.00,9,16,56%,0,2,3,10,8,0,42,38,29,5,2,9,0,5,0%,1,0,0,0,0,0,0,0,0,0,0,0,0
Rico  Henry ,5,1,1,0,0,0,0,0,0,0,0,1,5,1,0,1,0,4,0,1,156,31.20,8,7,71%,0,0,5,5,3,0,24,24,18,7,4,6,2,11,18%,0,0,0,0,0,0,0,0,0,0,0,0,2
Ethan  Pinnock ,29,10,14,0,0,0,0,0,0,0,0,5,46,1,0,1,0,4,2,0,"1,398",48.21,71,35,66%,0,3,43,167,80,0,131,165,73,6,114,51,1,7,0%,0,0,2,0,0,0,0,0,0,0,0,0,0
 Zanka ,14,1,8,0,0,0,0,0,0,0,0,2,24,0,0,4,0,11,1,0,521,37.21,26,17,71%,0,2,12,38,22,1,67,52,44,3,27,23,2,8,13%,1,0,0,0,1,0,0,0,0,0,1,0,3
Ben  Mee ,16,4,11,0,0,0,0,0,0,0,0,1,26,0,0,1,1,7,2,0,605,37.81,36,26,58%,0,4,13,57,34,1,67,67,54,3,35,32,0,5,60%,0,0,2,0,0,0,0,0,0,0,0,0,1
Kristoffer  Ajer ,28,8,12,0,0,0,0,0,0,0,0,2,33,1,0,5,0,25,2,1,722,25.79,31,38,55%,0,3,25,78,36,0,60,121,69,10,65,23,5,22,23%,1,0,1,1,0,0,0,0,0,0,0,0,1
Mads  Roerslev ,34,10,17,0,0,0,0,0,0,0,0,4,40,0,0,1,0,10,1,2,605,17.79,22,48,65%,1,2,19,61,26,0,82,88,94,11,15,27,3,62,39%,1,0,0,1,0,0,0,0,0,0,0,0,3
Nathan  Collins ,32,9,14,0,0,0,0,0,0,0,0,7,51,4,0,3,0,12,1,1,"1,468",45.88,69,38,53%,1,2,44,129,70,0,136,145,72,11,73,35,5,4,25%,2,0,1,0,0,0,0,0,0,0,0,0,3
Kim  Ji-Soo ,0,0,0,0,0,0,0,0,0,0,0,0,0,0,0,0,0,0,0,0,0,0.00,0,0,0%,0,0,0,0,0,0,0,0,0,0,0,0,0,0,0%,0,0,0,0,0,0,0,0,0,0,0,0,0
Valintino  Adedokun ,0,0,0,0,0,0,0,0,0,0,0,0,0,0,0,0,0,0,0,0,0,0.00,0,0,0%,0,0,0,0,0,0,0,0,0,0,0,0,0,0,0%,0,0,0,0,0,0,0,0,0,0,0,0,0
Benjamin  Fredrick ,0,0,0,0,0,0,0,0,0,0,0,0,0,0,0,0,0,0,0,0,0,0.00,0,0,0%,0,0,0,0,0,0,0,0,0,0,0,0,0,0,0%,0,0,0,0,0,0,0,0,0,0,0,0,0
Sergio  Reguilón ,25,8,13,0,0,0,0,0,0,0,0,3,28,1,0,7,1,14,0,4,646,25.84,23,58,48%,1,6,21,38,15,0,96,119,88,16,20,29,6,101,26%,1,0,0,0,0,0,0,0,0,0,1,0,4
Benjamin  Arthur ,0,0,0,0,0,0,0,0,0,0,0,0,0,0,0,0,0,0,0,0,0,0.00,0,0,0%,0,0,0,0,0,0,0,0,0,0,0,0,0,0,0%,0,0,0,0,0,0,0,0,0,0,0,0,0
Christian  Nørgaard ,31,8,17,0,0,0,0,0,0,0,0,0,0,0,0,8,0,41,2,1,"1,441",46.48,60,81,62%,0,12,54,49,33,0,216,159,159,6,41,47,6,22,27%,8,0.06,2,0,0,0,0,35,7,20%,0,3,1
Mathias  Jensen ,32,9,15,0,0,0,0,0,0,0,0,0,0,0,0,5,0,28,3,3,972,30.38,82,54,59%,0,3,23,24,8,0,123,96,148,18,6,11,9,113,38%,8,0.09,0,2,1,0,1,14,7,50%,0,0,2
Josh  Dasilva ,3,2,1,0,0,0,0,0,0,0,0,0,0,0,0,0,0,2,0,0,13,4.33,0,2,50%,0,0,0,0,0,0,2,4,8,2,0,0,0,6,17%,0,0.00,0,0,0,0,0,0,0,0%,0,0,0
Yoane  Wissa ,34,8,17,0,0,0,0,0,0,0,0,0,0,0,0,7,0,38,12,3,440,12.94,12,28,57%,0,15,9,13,12,0,99,137,141,20,38,49,7,21,24%,3,0.35,0,8,4,0,0,67,26,39%,2,12,20
Frank  Onyeka ,26,5,14,0,0,0,0,0,0,0,0,0,0,0,0,8,0,24,1,2,375,14.42,14,37,65%,0,8,23,17,7,0,73,89,86,11,10,23,2,16,31%,2,0.04,0,1,0,0,0,22,9,41%,0,2,4
Bryan  Mbeumo ,25,8,9,0,0,0,0,0,0,0,0,0,0,0,0,2,0,22,9,6,650,26.00,17,15,67%,0,11,7,12,8,0,93,106,160,26,23,45,6,92,32%,15,0.36,0,1,8,3,0,53,20,38%,3,9,3
Mikkel  Damsgaard ,23,5,13,0,0,0,0,0,0,0,0,0,0,0,0,2,0,14,0,2,394,17.13,23,29,59%,0,3,11,10,5,0,57,58,70,9,12,11,5,29,10%,10,0.00,0,0,0,0,0,9,4,44%,0,1,3
Shandon  Baptiste ,10,3,6,0,0,0,0,0,0,0,0,0,0,0,0,1,0,3,1,1,86,8.60,4,4,100%,0,0,3,5,3,0,17,13,18,6,3,6,1,3,67%,0,0.10,0,1,0,0,0,2,2,100%,0,0,0
Vitaly  Janelt ,38,10,19,0,0,0,0,0,0,0,0,0,0,1,0,8,0,27,1,3,"1,306",34.37,60,63,60%,0,8,36,57,17,0,189,133,100,8,34,27,5,59,34%,4,0.03,0,0,1,0,0,21,7,33%,1,2,3
Yehor  Yarmoliuk ,27,9,13,0,0,0,0,0,0,0,0,0,0,0,0,2,0,12,0,0,282,10.44,9,17,65%,0,3,6,5,2,0,50,49,47,17,9,10,0,14,7%,0,0.00,0,0,0,0,0,11,5,45%,0,2,1
Kevin  Schade ,11,4,3,0,0,0,0,0,0,0,0,0,0,0,0,0,0,10,2,1,88,8.00,0,3,33%,0,1,1,4,3,0,23,28,44,2,17,14,2,5,40%,1,0.18,0,2,0,0,0,8,4,50%,1,2,2
Ethan  Brierley ,0,0,0,0,0,0,0,0,0,0,0,0,0,0,0,0,0,0,0,0,0,0.00,0,0,0%,0,0,0,0,0,0,0,0,0,0,0,0,0,0,0%,0,0.00,0,0,0,0,0,0,0,0%,0,0,0
Ryan  Trevitt ,0,0,0,0,0,0,0,0,0,0,0,0,0,0,0,0,0,0,0,0,0,0.00,0,0,0%,0,0,0,0,0,0,0,0,0,0,0,0,0,0,0%,0,0.00,0,0,0,0,0,0,0,0%,0,0,0
Yunus  Konak ,0,0,0,0,0,0,0,0,0,0,0,0,0,0,0,0,0,0,0,0,0,0.00,0,0,0%,0,0,0,0,0,0,0,0,0,0,0,0,0,0,0%,0,0.00,0,0,0,0,0,0,0,0%,0,0,0
Ivan  Toney ,17,3,9,0,0,0,0,0,0,0,0,0,0,0,0,5,0,24,4,2,388,22.82,0,15,0,0,11,10,17,14,0,0,0,0,0,0,0,3,22,0,0,0.24,0,4,0,0,1,51,22,43%,1,11,7
Keane  Lewis-Potter ,30,7,16,0,0,0,0,0,0,0,0,0,0,0,0,0,0,9,3,1,358,11.93,0,17,0,0,10,7,20,9,0,0,0,0,0,0,0,3,50,0,0,0.10,1,1,1,0,0,43,22,51%,2,12,3
Saman  Ghoddos ,19,4,13,0,0,0,0,0,0,0,0,0,0,0,0,5,0,13,1,0,368,19.37,0,28,0,0,1,5,9,2,0,0,0,0,0,0,0,1,42,0,0,0.05,0,1,0,0,0,9,2,22%,0,0,2
Neal  Maupay ,31,8,19,0,0,0,0,0,0,0,0,0,0,0,0,8,0,20,6,3,398,12.84,0,10,0,0,12,2,4,3,0,0,0,0,0,0,0,5,8,0,0,0.19,1,3,2,0,0,42,20,48%,1,7,6
Jason  Steele ,17,5,8,43,0,2,7,1,0,69,54,2,34,0,0,0,0,0,0,0,602,35.41,80,0,0,0,0,0,0,0,0,0,0,0,0,0,0,0,0,0,0,0,0,0,0,0,0,0,0,0,0,0,0
Tom  McGill ,0,0,0,0,0,0,0,0,0,0,0,0,0,0,0,0,0,0,0,0,0,0.00,0,0,0,0,0,0,0,0,0,0,0,0,0,0,0,0,0,0,0,0,0,0,0,0,0,0,0,0,0,0,0
Bart  Verbruggen ,21,7,6,65,0,6,17,5,0,117,72,4,28,2,0,3,0,1,0,0,743,35.38,91,0,0,0,0,0,0,0,0,0,0,0,0,0,0,0,0,0,0,0,0,0,0,0,0,0,0,0,0,0,0
Tariq  Lamptey ,19,7,8,0,0,0,0,0,0,0,0,0,20,0,0,3,0,11,0,3,371,19.53,7,21,67%,0,4,6,5,3,1,32,49,38,6,4,9,1,31,29%,0,0,0,0,0,0,0,0,0,0,0,0,3
Adam  Webster ,15,4,6,0,0,0,0,0,0,0,0,1,22,1,1,2,0,9,0,0,"1,086",72.40,35,14,86%,0,3,16,41,21,0,63,50,38,0,33,13,0,1,0%,1,0,0,0,0,0,0,0,0,0,0,0,0
Lewis  Dunk ,33,11,12,0,0,0,0,0,0,0,0,5,52,1,0,7,1,23,3,1,"3,212",97.33,149,27,52%,0,10,31,88,46,3,180,101,81,5,57,33,1,7,14%,2,0,2,1,0,0,0,0,0,0,1,0,1
Jan  Paul van Hecke ,28,9,9,0,0,0,0,0,0,0,0,5,38,1,0,4,0,14,0,0,"2,399",85.68,88,47,55%,1,4,30,74,42,0,130,135,71,5,66,34,0,4,25%,3,0,0,0,0,0,0,0,0,0,1,0,0
Pervis  Estupiñán ,19,8,7,0,0,0,0,0,0,0,0,1,26,0,1,4,0,22,2,3,820,43.16,13,26,50%,0,2,21,20,13,0,90,64,67,9,12,14,4,65,23%,1,0,0,0,2,0,0,0,0,0,0,0,5
Joël  Veltman ,27,9,10,0,0,0,0,0,0,0,0,2,32,1,0,4,0,17,1,1,810,30.00,30,54,76%,0,0,18,52,21,0,76,125,69,1,29,21,1,11,0%,2,0,0,1,0,0,0,0,0,0,0,0,1
Odeluga  Offiah ,4,0,3,0,0,0,0,0,0,0,0,0,3,0,0,0,0,2,0,0,67,16.75,0,1,0%,0,0,1,0,0,0,4,8,4,4,1,1,0,3,0%,0,0,0,0,0,0,0,0,0,0,0,0,0
Igor  Julio ,24,6,8,0,0,0,0,0,0,0,0,2,26,0,0,4,0,21,0,0,"1,417",59.04,23,25,72%,0,2,14,45,18,1,105,71,56,16,26,14,1,1,0%,2,0,0,0,0,0,0,0,0,0,0,0,0
Ben  Jackson ,0,0,0,0,0,0,0,0,0,0,0,0,0,0,0,0,0,0,0,0,0,0.00,0,0,0%,0,0,0,0,0,0,0,0,0,0,0,0,0,0,0%,0,0,0,0,0,0,0,0,0,0,0,0,0
Leigh  Kavanagh ,0,0,0,0,0,0,0,0,0,0,0,0,0,0,0,0,0,0,0,0,0,0.00,0,0,0%,0,0,0,0,0,0,0,0,0,0,0,0,0,0,0%,0,0,0,0,0,0,0,0,0,0,0,0,0
Valentín  Barco ,6,1,5,0,0,0,0,0,0,0,0,0,9,1,0,1,0,7,0,0,187,31.17,3,11,45%,0,2,4,2,0,0,16,24,23,5,1,7,0,30,10%,2,0,0,0,0,0,0,0,0,0,0,0,0
Noël  Atom ,0,0,0,0,0,0,0,0,0,0,0,0,0,0,0,0,0,0,0,0,0,0.00,0,0,0%,0,0,0,0,0,0,0,0,0,0,0,0,0,0,0%,0,0,0,0,0,0,0,0,0,0,0,0,0
Solly  March ,7,3,3,0,0,0,0,0,0,0,0,0,0,0,0,1,0,12,3,1,221,31.57,4,19,74%,0,6,11,8,3,0,36,41,40,8,6,4,2,21,33%,1,0.43,1,0,2,0,0,14,6,43%,0,1,7
Pascal  Groß ,36,11,13,0,0,0,0,0,0,0,0,0,0,1,0,7,0,23,4,10,"2,927",81.31,98,70,66%,0,20,22,27,8,0,144,127,121,16,14,17,11,238,37%,5,0.11,0,3,1,1,0,55,20,36%,1,9,3
Adam  Lallana ,25,7,8,0,0,0,0,0,0,0,0,0,0,0,0,2,0,8,0,1,499,19.96,3,8,38%,0,3,3,1,1,0,22,25,44,3,3,5,2,7,29%,3,0.00,0,0,0,0,0,11,2,18%,0,0,2
Jakub  Moder ,17,6,6,0,0,0,0,0,0,0,0,0,0,0,0,2,0,8,0,0,289,17.00,3,19,53%,0,4,2,12,5,0,40,33,33,6,3,5,2,6,0%,1,0.00,0,0,0,0,0,11,3,27%,0,1,2
Kaoru  Mitoma ,19,7,6,0,0,0,0,0,0,0,0,0,0,0,0,4,0,14,3,4,597,31.42,0,13,0,0,8,5,11,4,0,0,0,0,0,0,0,6,44,0,0,0.16,1,2,0,0,0,34,15,44%,0,6,7
Billy  Gilmour ,30,11,10,0,0,0,0,0,0,0,0,0,0,0,0,8,1,22,0,1,"2,065",68.83,64,26,62%,0,11,11,14,6,0,132,75,88,8,11,21,3,34,32%,9,0.00,0,0,0,0,0,25,5,20%,0,0,0
Facundo  Buonanotte ,27,7,9,0,0,0,0,0,0,0,0,0,0,0,0,7,0,34,3,1,469,17.37,5,42,52%,0,7,8,5,2,0,66,107,139,18,6,16,3,6,17%,1,0.11,0,0,3,0,0,21,9,43%,1,2,3
Cameron  Peupion ,0,0,0,0,0,0,0,0,0,0,0,0,0,0,0,0,0,0,0,0,0,0.00,0,0,0%,0,0,0,0,0,0,0,0,0,0,0,0,0,0,0%,0,0.00,0,0,0,0,0,0,0,0%,0,0,0
Jack  Hinshelwood ,12,4,4,0,0,0,0,0,0,0,0,0,0,0,0,1,0,11,3,0,435,36.25,5,14,36%,0,1,14,16,8,0,33,24,33,0,7,8,1,10,20%,0,0.25,2,1,0,0,0,14,8,57%,1,3,1
James  Milner ,15,6,5,0,0,0,0,0,0,0,0,0,0,0,0,3,0,10,0,2,500,33.33,19,20,70%,0,2,8,13,5,0,45,33,38,3,6,13,2,29,28%,4,0.00,0,0,0,0,0,5,1,20%,1,0,3
Kacper  Kozlowski ,0,0,0,0,0,0,0,0,0,0,0,0,0,0,0,0,0,0,0,0,0,0.00,0,0,0%,0,0,0,0,0,0,0,0,0,0,0,0,0,0,0%,0,0.00,0,0,0,0,0,0,0,0%,0,0,0
Carlos  Baleba ,27,7,12,0,0,0,0,0,0,0,0,0,0,2,0,7,0,40,0,0,773,28.63,18,40,50%,0,6,18,27,14,0,95,102,90,11,25,10,1,0,0%,0,0.00,0,0,0,0,0,21,5,24%,0,0,0
Samy  Chouchane ,0,0,0,0,0,0,0,0,0,0,0,0,0,0,0,0,0,0,0,0,0,0.00,0,0,0%,0,0,0,0,0,0,0,0,0,0,0,0,0,0,0%,0,0.00,0,0,0,0,0,0,0,0%,0,0,0
Danny  Welbeck ,29,9,12,0,0,0,0,0,0,0,0,0,0,0,0,4,0,12,5,1,506,17.45,0,35,0,0,10,9,17,10,0,0,0,0,0,0,0,3,3,0,0,0.17,1,2,2,0,0,41,16,39%,1,10,9
Julio  Enciso ,12,4,5,0,0,0,0,0,0,0,0,0,0,0,0,2,0,6,0,2,167,13.92,0,6,0,0,6,0,3,2,0,0,0,0,0,0,0,4,8,0,0,0.00,0,0,0,0,0,28,8,29%,0,2,1
Evan  Ferguson ,27,11,9,0,0,0,0,0,0,0,0,0,0,0,0,1,0,24,6,0,300,11.11,0,14,0,0,4,2,8,5,0,0,0,0,0,0,0,1,1,0,0,0.22,0,4,2,0,0,33,20,61%,2,4,5
João  Pedro ,31,10,11,0,0,0,0,0,0,0,0,0,0,0,0,2,0,19,9,3,774,24.97,0,31,0,0,30,11,25,17,0,0,0,0,0,0,0,9,29,0,0,0.29,3,6,0,4,0,75,26,35%,1,9,11
Simon  Adingra ,31,9,12,0,0,0,0,0,0,0,0,0,0,0,0,3,0,29,6,1,747,24.10,0,45,0,0,7,19,22,9,0,0,0,0,0,0,0,6,76,0,0,0.19,1,5,0,0,0,52,22,42%,1,4,17
Benicio  Baker-Boaitey ,5,1,2,0,0,0,0,0,0,0,0,0,0,0,0,1,0,2,0,0,19,3.80,0,0,0,0,1,0,1,1,0,0,0,0,0,0,0,0,0,0,0,0.00,0,0,0,0,0,1,0,0%,0,0,1
Ansu  Fati ,19,6,7,0,0,0,0,0,0,0,0,0,0,0,0,2,0,6,2,0,204,10.74,0,5,0,0,12,3,3,1,0,0,0,0,0,0,0,1,3,0,0,0.11,0,1,1,0,0,26,11,42%,0,4,2
Joshua  Duffus ,0,0,0,0,0,0,0,0,0,0,0,0,0,0,0,0,0,0,0,0,0,0.00,0,0,0,0,0,0,0,0,0,0,0,0,0,0,0,0,0,0,0,0.00,0,0,0,0,0,0,0,0%,0,0,0
 ,0,0,0,0,0,0,0,0,0,0,0,0,0,0,0,0,0,0,0,0,0,0,0,0,0,0,0,0,0,0,0,0,0,0,0,0,0,0,0,0,0,0,0,0,0,0,0,0,0,0,0,0,0
Luca  Barrington ,0,0,0,0,0,0,0,0,0,0,0,0,0,0,0,0,0,0,0,0,0,0.00,0,0,0,0,0,0,0,0,0,0,0,0,0,0,0,0,0,0,0,0.00,0,0,0,0,0,0,0,0%,0,0,0
Arijanet  Muric ,10,2,4,64,1,4,19,0,0,54,33,0,16,2,1,0,0,0,0,0,526,52.60,106,0,0,0,0,0,0,0,0,0,0,0,0,0,0,0,0,0,0,0,0,0,0,0,0,0,0,0,0,0,0
Lawrence  Vigouroux ,0,0,0,0,0,0,0,0,0,0,0,0,0,0,0,0,0,0,0,0,0,0.00,0,0,0,0,0,0,0,0,0,0,0,0,0,0,0,0,0,0,0,0,0,0,0,0,0,0,0,0,0,0,0
James  Trafford ,28,3,20,106,0,20,25,2,0,162,198,2,62,1,0,2,0,0,0,0,"1,368",48.86,182,0,0,0,0,0,0,0,0,0,0,0,0,0,0,0,0,0,0,0,0,0,0,0,0,0,0,0,0,0,0
Charlie  Taylor ,28,5,17,0,0,0,0,0,0,0,0,2,46,0,0,8,0,20,1,1,"1,042",37.21,51,35,57%,0,4,19,67,34,0,106,101,91,9,41,38,4,71,20%,0,0,0,0,1,0,0,0,0,0,0,0,2
Hjalmar  Ekdal ,8,1,3,0,0,0,0,0,0,0,0,0,8,0,0,2,0,8,0,0,217,27.13,6,4,50%,0,0,6,21,8,0,26,12,21,2,4,9,0,0,0%,0,0,0,0,0,0,0,0,0,0,0,0,0
 Vitinho ,32,4,20,0,0,0,0,0,0,0,0,2,44,1,0,1,0,27,0,2,756,23.63,26,64,53%,1,12,12,43,16,0,109,136,143,25,20,22,1,56,9%,4,0,0,0,0,0,0,0,0,0,0,0,6
Ameen  Al Dakhil ,13,1,10,0,0,0,0,0,0,0,0,0,26,1,1,1,0,6,1,0,598,46.00,20,12,42%,0,3,12,34,25,0,50,33,46,3,14,23,0,3,33%,2,0,0,0,1,0,0,0,0,0,0,0,0
Jordan  Beyer ,15,3,10,0,0,0,0,0,0,0,0,2,23,1,0,6,0,11,0,1,855,57.00,47,35,57%,1,3,16,68,39,0,57,73,50,4,29,26,1,0,0%,1,0,0,0,0,0,0,0,0,0,0,0,0
Dara  O'Shea ,33,4,22,0,0,0,0,0,0,0,0,1,71,0,1,5,1,36,3,4,"1,732",52.48,110,39,51%,1,3,35,158,87,1,140,182,120,1,127,68,3,11,27%,3,0,3,0,0,0,0,0,0,0,0,0,1
Hannes  Delcroix ,12,2,8,0,0,0,0,0,0,0,0,0,25,0,0,2,0,6,0,0,318,26.50,12,10,60%,1,0,9,23,7,0,29,21,21,3,8,10,0,5,40%,0,0,0,0,0,0,0,0,0,0,0,0,0
Maxime  Esteve ,16,2,8,0,0,0,0,0,0,0,0,0,28,0,0,6,0,25,0,0,810,50.63,24,27,37%,1,2,27,55,25,0,62,70,64,1,27,25,0,5,20%,1,0,0,0,0,0,0,0,0,0,0,0,0
Lorenz  Assignon ,15,2,8,0,0,0,0,0,0,0,0,0,30,0,0,3,1,33,1,2,352,23.47,3,35,49%,0,4,19,41,19,0,67,77,93,13,13,17,3,29,17%,0,0,0,1,0,0,0,0,0,0,0,0,1
Jack  Cork ,4,0,3,0,0,0,0,0,0,0,0,0,0,0,0,0,0,4,0,0,32,8.00,1,2,0%,0,0,1,1,0,0,2,3,8,0,0,2,0,1,0%,0,0.00,0,0,0,0,0,0,0,0%,0,0,0
Jóhann  Gudmundsson ,26,2,17,0,0,0,0,0,0,0,0,0,0,0,0,2,0,9,1,3,465,17.88,29,13,31%,0,3,16,16,6,0,56,52,61,5,14,22,5,70,37%,4,0.04,0,0,1,0,0,15,6,40%,1,3,2
Josh  Brownhill ,33,5,21,0,0,0,0,0,0,0,0,0,0,0,0,4,1,38,4,2,"1,028",31.15,44,61,57%,0,5,34,40,21,0,124,126,101,7,36,33,0,57,23%,4,0.12,0,1,3,0,0,28,11,39%,0,1,2
Josh  Cullen ,25,3,15,0,0,0,0,0,0,0,0,0,0,0,0,9,0,24,2,3,"1,341",53.64,35,42,69%,0,7,15,24,7,0,141,113,82,3,21,24,3,26,38%,5,0.08,0,1,1,0,0,16,5,31%,0,0,0
Nathan  Redmond ,12,2,9,0,0,0,0,0,0,0,0,0,0,0,0,1,0,4,0,0,68,5.67,3,2,50%,0,0,0,3,3,0,6,9,12,4,1,1,1,3,33%,0,0.00,0,0,0,0,0,0,0,0%,1,0,2
Sander  Berge ,37,5,24,0,0,0,0,0,0,0,0,0,0,2,0,8,1,40,1,2,"1,547",41.81,83,76,61%,0,8,23,58,37,0,202,179,150,20,65,49,5,12,8%,7,0.03,0,1,0,0,0,25,3,12%,1,2,2
Aaron  Ramsey ,14,1,11,0,0,0,0,0,0,0,0,0,0,0,0,1,0,7,0,0,146,10.43,7,17,82%,0,1,1,10,1,0,24,27,36,3,4,5,1,2,0%,1,0.00,0,0,0,0,0,6,2,33%,0,0,1
Han-Noah  Massengo ,3,0,2,0,0,0,0,0,0,0,0,0,0,0,0,0,0,0,0,0,9,3.00,0,1,100%,0,0,0,0,0,0,1,1,1,0,0,1,0,2,0%,0,0,0,0,0,0,0,0,0,0,0,0,0
Jay  Rodríguez ,21,3,14,0,0,0,0,0,0,0,0,0,0,0,0,0,0,18,2,1,215,10.24,0,14,0,0,6,1,7,2,0,0,0,0,0,0,0,0,1,0,0,0.10,1,1,0,1,0,22,8,36%,1,6,7
Lyle  Foster ,24,4,13,0,0,0,0,0,0,0,0,0,0,0,0,0,1,24,5,3,452,18.83,0,19,0,0,4,3,33,21,0,0,0,0,0,0,0,1,3,0,0,0.21,0,3,2,0,0,34,17,50%,0,6,14
Benson  Manuel ,8,0,7,0,0,0,0,0,0,0,0,0,0,0,0,0,0,1,0,0,47,5.88,0,3,0,0,0,0,0,0,0,0,0,0,0,0,0,0,9,0,0,0.00,0,0,0,0,0,4,2,50%,0,0,0
Enock  Agyei ,0,0,0,0,0,0,0,0,0,0,0,0,0,0,0,0,0,0,0,0,0,0.00,0,0,0,0,0,0,0,0,0,0,0,0,0,0,0,0,0,0,0,0.00,0,0,0,0,0,0,0,0%,0,0,0
Zeki  Amdouni ,34,5,23,0,0,0,0,0,0,0,0,0,0,0,0,2,0,22,5,1,488,14.35,0,27,0,0,10,9,10,7,0,0,0,0,0,0,0,2,8,0,0,0.15,0,3,2,1,0,49,22,45%,1,6,2
Luca  Koleosho ,15,2,12,0,0,0,0,0,0,0,0,0,0,0,0,0,0,18,1,1,246,16.40,0,7,0,0,6,2,0,0,0,0,0,0,0,0,0,2,23,0,0,0.07,0,1,0,0,0,23,5,22%,1,3,8
Jacob  Bruun Larsen ,32,5,20,0,0,0,0,0,0,0,0,0,0,0,0,1,0,13,6,0,457,14.28,0,9,0,0,15,7,21,7,0,0,0,0,0,0,0,1,62,0,0,0.19,0,4,2,1,0,44,16,36%,0,4,11
Wilson  Odobert ,29,3,18,0,0,0,0,0,0,0,0,0,0,0,0,3,0,9,3,2,545,18.79,0,17,0,0,16,6,12,3,0,0,0,0,0,0,0,7,35,0,0,0.10,0,2,1,0,0,49,14,29%,0,2,1
Mike  Trésor ,16,2,10,0,0,0,0,0,0,0,0,0,0,0,0,0,0,0,0,0,146,9.13,0,10,0,0,1,1,1,1,0,0,0,0,0,0,0,1,32,0,0,0.00,0,0,0,0,0,5,0,0%,0,1,2
David  Datro Fofana ,15,2,8,0,0,0,0,0,0,0,0,0,0,0,0,1,0,17,4,1,168,11.20,0,10,0,0,2,1,2,2,0,0,0,0,0,0,0,3,3,0,0,0.27,1,3,0,0,0,19,10,53%,0,5,9
Marcus  Bettinelli ,0,0,0,0,0,0,0,0,0,0,0,0,0,0,0,1,0,0,0,0,0,0.00,0,0,0,0,0,0,0,0,0,0,0,0,0,0,0,0,0,0,0,0,0,0,0,0,0,0,0,0,0,0,0
Eddie  Beach ,0,0,0,0,0,0,0,0,0,0,0,0,0,0,0,0,0,0,0,0,0,0.00,0,0,0,0,0,0,0,0,0,0,0,0,0,0,0,0,0,0,0,0,0,0,0,0,0,0,0,0,0,0,0
Robert  Sánchez ,16,5,7,53,1,2,17,2,0,87,91,3,25,1,0,2,0,0,0,0,520,32.50,85,0,0,0,0,0,0,0,0,0,0,0,0,0,0,0,0,0,0,0,0,0,0,0,0,0,0,0,0,0,0
Djordje  Petrovic ,23,13,5,75,0,8,18,2,0,97,149,5,38,2,0,2,0,0,0,0,707,30.74,93,0,0,0,0,0,0,0,0,0,0,0,0,0,0,0,0,0,0,0,0,0,0,0,0,0,0,0,0,0,0
Ted  Curd ,0,0,0,0,0,0,0,0,0,0,0,0,0,0,0,0,0,0,0,0,0,0.00,0,0,0,0,0,0,0,0,0,0,0,0,0,0,0,0,0,0,0,0,0,0,0,0,0,0,0,0,0,0,0
Max  Merrick ,0,0,0,0,0,0,0,0,0,0,0,0,0,0,0,0,0,0,0,0,0,0.00,0,0,0,0,0,0,0,0,0,0,0,0,0,0,0,0,0,0,0,0,0,0,0,0,0,0,0,0,0,0,0
Teddy  Sharman-Lowe ,0,0,0,0,0,0,0,0,0,0,0,0,0,0,0,0,0,0,0,0,0,0.00,0,0,0,0,0,0,0,0,0,0,0,0,0,0,0,0,0,0,0,0,0,0,0,0,0,0,0,0,0,0,0
Benoît  Badiashile ,18,9,6,0,0,0,0,0,0,0,0,3,31,1,1,3,0,17,0,1,"1,165",64.72,36,21,71%,0,2,18,65,37,1,82,55,48,0,28,22,2,2,0%,1,0,0,0,0,0,0,0,0,0,0,0,1
Thiago  Silva ,31,15,10,0,0,0,0,0,0,0,0,6,45,1,0,4,0,10,3,1,"2,279",73.52,96,29,52%,1,5,26,150,74,0,140,90,51,2,53,27,3,4,25%,0,0,2,1,0,0,0,0,0,0,1,0,1
Trevoh  Chalobah ,13,8,1,0,0,0,0,0,0,0,0,2,14,0,0,1,0,3,1,0,760,58.46,24,16,75%,0,0,8,49,25,0,46,39,34,1,19,23,0,0,0%,1,0,1,0,0,0,0,0,0,0,0,0,0
Ben  Chilwell ,13,4,5,0,0,0,0,0,0,0,0,0,14,0,0,5,0,11,0,1,405,31.15,5,15,67%,0,4,4,17,6,0,33,46,41,7,12,15,3,43,21%,0,0,0,0,0,0,0,0,0,0,0,0,4
Reece  James ,10,3,4,0,0,0,0,0,0,0,0,0,11,0,0,0,2,4,0,2,267,26.70,14,14,64%,0,2,3,7,5,0,28,36,21,9,8,5,7,28,25%,4,0,0,0,0,0,0,0,0,0,0,0,2
Marc  Cucurella ,21,11,5,0,0,0,0,0,0,0,0,4,33,0,1,10,0,23,0,2,"1,057",50.33,15,62,61%,0,2,22,33,16,0,96,123,83,4,25,17,1,16,31%,1,0,0,0,0,0,0,0,0,0,0,0,1
Wesley  Fofana ,0,0,0,0,0,0,0,0,0,0,0,0,0,0,0,0,0,0,0,0,0,0.00,0,0,0%,0,0,0,0,0,0,0,0,0,0,0,0,0,0,0%,0,0,0,0,0,0,0,0,0,0,0,0,0
Alfie  Gilchrist ,11,8,2,0,0,0,0,0,0,0,0,0,6,0,0,1,0,4,1,0,123,11.18,1,4,0%,0,1,3,9,5,0,9,7,13,1,2,4,0,1,0%,0,0,0,1,0,0,0,0,0,0,0,0,0
Levi  Colwill ,23,10,8,0,0,0,0,0,0,0,0,4,26,0,0,2,0,25,1,1,"1,053",45.78,43,48,63%,1,3,26,64,37,0,96,114,61,9,44,20,3,12,0%,4,0,1,0,0,0,0,0,0,0,0,0,4
Malo  Gusto ,27,14,6,0,0,0,0,0,0,0,0,2,27,0,0,7,1,22,0,6,"1,218",45.11,30,55,49%,0,2,17,37,16,0,126,110,89,17,8,19,8,64,27%,2,0,0,0,0,0,0,0,0,0,0,0,6
Malang  Sarr ,0,0,0,0,0,0,0,0,0,0,0,0,0,0,0,0,0,0,0,0,0,0.00,0,0,0%,0,0,0,0,0,0,0,0,0,0,0,0,0,0,0%,0,0,0,0,0,0,0,0,0,0,0,0,0
Axel  Disasi ,31,13,10,0,0,0,0,0,0,0,0,5,50,0,1,6,0,17,2,0,"2,198",70.90,45,33,58%,1,1,18,97,51,0,150,134,71,12,73,33,0,10,10%,3,0,1,1,0,0,0,0,0,0,0,0,4
Ishé  Samuels-Smith ,0,0,0,0,0,0,0,0,0,0,0,0,0,0,0,0,0,0,0,0,0,0.00,0,0,0%,0,0,0,0,0,0,0,0,0,0,0,0,0,0,0%,0,0,0,0,0,0,0,0,0,0,0,0,0
Josh  Brooking ,0,0,0,0,0,0,0,0,0,0,0,0,0,0,0,0,0,0,0,0,0,0.00,0,0,0%,0,0,0,0,0,0,0,0,0,0,0,0,0,0,0%,0,0,0,0,0,0,0,0,0,0,0,0,0
Dylan  Williams ,0,0,0,0,0,0,0,0,0,0,0,0,0,0,0,0,0,0,0,0,0,0.00,0,0,0%,0,0,0,0,0,0,0,0,0,0,0,0,0,0,0%,0,0,0,0,0,0,0,0,0,0,0,0,0
Harrison  Murray-Campbell ,0,0,0,0,0,0,0,0,0,0,0,0,0,0,0,0,0,0,0,0,0,0.00,0,0,0%,0,0,0,0,0,0,0,0,0,0,0,0,0,0,0%,0,0,0,0,0,0,0,0,0,0,0,0,0
Josh  Acheampong ,1,1,0,0,0,0,0,0,0,0,0,0,0,0,0,0,0,0,0,0,1,1.00,0,0,0%,0,0,0,0,0,0,1,0,1,0,0,1,0,0,0%,0,0,0,0,0,0,0,0,0,0,0,0,0
Zak  Sturge ,0,0,0,0,0,0,0,0,0,0,0,0,0,0,0,0,0,0,0,0,0,0.00,0,0,0%,0,0,0,0,0,0,0,0,0,0,0,0,0,0,0%,0,0,0,0,0,0,0,0,0,0,0,0,0
Enzo  Fernández ,28,11,9,0,0,0,0,0,0,0,0,0,0,0,0,7,0,33,3,2,"1,795",64.11,129,50,44%,0,12,17,26,9,0,122,125,135,23,21,23,5,45,20%,21,0.11,1,2,0,1,0,47,16,34%,3,6,4
Mykhailo  Mudryk ,31,13,10,0,0,0,0,0,0,0,0,0,0,0,0,5,0,22,5,2,477,15.39,14,21,57%,0,7,9,6,3,0,50,94,110,39,7,14,6,78,19%,5,0.16,0,3,2,0,0,35,12,34%,1,4,1
Conor  Gallagher ,37,18,10,0,0,0,0,0,0,0,0,0,0,0,0,7,1,83,5,7,"1,930",52.16,54,85,61%,0,12,43,30,15,0,221,212,210,38,25,28,11,64,28%,5,0.14,0,4,1,0,0,48,18,38%,3,5,1
Carney  Chukwuemeka ,9,4,3,0,0,0,0,0,0,0,0,0,0,0,0,2,0,3,1,1,133,14.78,1,6,67%,0,1,0,1,0,0,11,11,22,2,1,3,0,1,0%,2,0.11,0,1,0,0,0,3,2,67%,0,0,0
Lesley  Ugochukwu ,12,5,4,0,0,0,0,0,0,0,0,0,0,0,0,2,0,4,0,0,183,15.25,5,14,71%,0,0,1,5,3,0,12,28,15,3,9,2,0,0,0%,0,0.00,0,0,0,0,0,0,0,0%,0,0,0
Moisés  Caicedo ,35,18,10,0,0,0,0,0,0,0,0,0,0,1,0,11,0,50,1,3,"2,097",59.91,88,91,51%,0,5,37,33,16,0,200,196,153,26,31,32,4,10,0%,12,0.03,0,1,0,0,0,13,4,31%,0,0,0
Roméo  Lavia ,1,1,0,0,0,0,0,0,0,0,0,0,0,0,0,0,0,1,0,0,27,27.00,0,1,0%,0,0,0,1,0,0,0,2,1,0,0,0,0,0,0%,0,0.00,0,0,0,0,0,0,0,0%,0,0,0
Cole  Palmer ,34,17,9,0,0,0,0,0,0,0,0,0,0,0,0,7,0,24,22,11,"1,307",38.44,69,23,52%,0,33,20,11,3,0,105,102,128,52,1,4,17,81,20%,27,0.65,2,3,17,9,0,109,46,42%,1,7,6
Leo  Castledine ,0,0,0,0,0,0,0,0,0,0,0,0,0,0,0,0,0,0,0,0,0,0.00,0,0,0%,0,0,0,0,0,0,0,0,0,0,0,0,0,0,0%,0,0.00,0,0,0,0,0,0,0,0%,0,0,0
Michael  Golding ,0,0,0,0,0,0,0,0,0,0,0,0,0,0,0,0,0,0,0,0,0,0.00,0,0,0%,0,0,0,0,0,0,0,0,0,0,0,0,0,0,0%,0,0.00,0,0,0,0,0,0,0,0%,0,0,0
Cesare  Casadei ,11,6,2,0,0,0,0,0,0,0,0,0,0,0,0,0,0,4,0,0,65,5.91,2,5,60%,0,0,0,4,1,0,1,20,11,2,12,5,0,0,0%,0,0.00,0,0,0,0,0,0,0,0%,0,0,0
Ollie  Harrison ,0,0,0,0,0,0,0,0,0,0,0,0,0,0,0,0,0,0,0,0,0,0.00,0,0,0%,0,0,0,0,0,0,0,0,0,0,0,0,0,0,0%,0,0.00,0,0,0,0,0,0,0,0%,0,0,0
Billy  Gee ,0,0,0,0,0,0,0,0,0,0,0,0,0,0,0,0,0,0,0,0,0,0.00,0,0,0%,0,0,0,0,0,0,0,0,0,0,0,0,0,0,0%,0,0.00,0,0,0,0,0,0,0,0%,0,0,0
Jimi  Tauriainen ,1,1,0,0,0,0,0,0,0,0,0,0,0,0,0,0,0,0,0,0,0,0.00,0,0,0%,0,0,0,0,0,0,0,0,0,0,0,0,0,0,0%,0,0.00,0,0,0,0,0,0,0,0%,0,0,0
Kiano  Dyer ,0,0,0,0,0,0,0,0,0,0,0,0,0,0,0,0,0,0,0,0,0,0.00,0,0,0%,0,0,0,0,0,0,0,0,0,0,0,0,0,0,0%,0,0.00,0,0,0,0,0,0,0,0%,0,0,0
Raheem  Sterling ,31,13,11,0,0,0,0,0,0,0,0,0,0,0,0,7,0,34,8,4,658,21.23,0,21,0,0,14,13,8,6,0,0,0,0,0,0,0,7,59,0,0,0.26,0,5,3,0,1,51,22,43%,2,11,10
Noni  Madueke ,23,12,7,0,0,0,0,0,0,0,0,0,0,0,0,2,0,8,5,2,454,19.74,0,16,0,0,10,4,12,7,0,0,0,0,0,0,0,2,22,0,0,0.22,1,1,3,1,0,32,13,41%,1,0,3
Christopher  Nkunku ,11,7,3,0,0,0,0,0,0,0,0,0,0,0,0,0,0,8,3,0,177,16.09,0,5,0,0,3,2,4,1,0,0,0,0,0,0,0,0,4,0,0,0.27,1,1,1,0,0,16,9,56%,0,3,3
Nicolas  Jackson ,35,16,10,0,0,0,0,0,0,0,0,0,0,0,0,10,0,28,14,5,658,18.80,0,21,0,0,17,4,17,12,0,0,0,0,0,0,0,8,5,0,0,0.40,3,8,3,0,0,80,41,51%,3,24,28
Diego  Moreira ,0,0,0,0,0,0,0,0,0,0,0,0,0,0,0,0,0,0,0,0,0,0.00,0,0,0,0,0,0,0,0,0,0,0,0,0,0,0,0,0,0,0,0.00,0,0,0,0,0,0,0,0%,0,0,0
Deivid  Washington ,2,1,1,0,0,0,0,0,0,0,0,0,0,0,0,0,0,0,0,0,1,0.50,0,1,0,0,0,0,0,0,0,0,0,0,0,0,0,0,0,0,0,0.00,0,0,0,0,0,1,0,0%,0,0,0
Ronnie  Stutter ,0,0,0,0,0,0,0,0,0,0,0,0,0,0,0,0,0,0,0,0,0,0.00,0,0,0,0,0,0,0,0,0,0,0,0,0,0,0,0,0,0,0,0.00,0,0,0,0,0,0,0,0%,0,0,0
Dujuan  Richards ,0,0,0,0,0,0,0,0,0,0,0,0,0,0,0,0,0,0,0,0,0,0.00,0,0,0,0,0,0,0,0,0,0,0,0,0,0,0,0,0,0,0,0.00,0,0,0,0,0,0,0,0%,0,0,0
Tyrique  George ,0,0,0,0,0,0,0,0,0,0,0,0,0,0,0,0,0,0,0,0,0,0.00,0,0,0,0,0,0,0,0,0,0,0,0,0,0,0,0,0,0,0,0.00,0,0,0,0,0,0,0,0%,0,0,0
Sam  Johnstone ,20,5,9,41,0,8,23,1,0,62,141,6,27,0,0,1,0,1,0,0,532,26.60,139,0,0,0,0,0,0,0,0,0,0,0,0,0,0,0,0,0,0,0,0,0,0,0,0,0,0,0,0,0,0
Joe  Whitworth ,0,0,0,0,0,0,0,0,0,0,0,0,0,0,0,0,0,0,0,0,0,0.00,0,0,0,0,0,0,0,0,0,0,0,0,0,0,0,0,0,0,0,0,0,0,0,0,0,0,0,0,0,0,0
Remi  Matthews ,1,0,1,0,0,0,1,0,0,0,1,0,1,0,0,0,0,0,0,0,5,5.00,0,0,0,0,0,0,0,0,0,0,0,0,0,0,0,0,0,0,0,0,0,0,0,0,0,0,0,0,0,0,0
Dean  Henderson ,18,8,6,58,0,14,2,1,0,52,105,4,30,1,1,2,0,0,0,0,430,23.89,65,0,0,0,0,0,0,0,0,0,0,0,0,0,0,0,0,0,0,0,0,0,0,0,0,0,0,0,0,0,0
Joel  Ward ,26,8,11,0,0,0,0,0,0,0,0,4,34,0,1,4,0,22,0,1,800,30.77,38,45,62%,0,3,14,84,51,0,94,104,94,8,45,49,0,22,14%,1,0,0,0,0,0,0,0,0,0,0,0,0
Tyrick  Mitchell ,37,13,14,0,0,0,0,0,0,0,0,10,55,0,0,6,0,22,2,3,"1,205",32.57,35,105,57%,1,4,25,87,30,2,208,160,108,18,21,26,5,69,25%,1,0,0,0,2,0,0,0,0,0,0,0,1
James  Tomkins ,4,3,1,0,0,0,0,0,0,0,0,0,2,0,0,0,0,0,0,0,21,5.25,3,0,0%,0,0,1,0,0,0,2,2,0,0,2,0,0,0,0%,0,0,0,0,0,0,0,0,0,0,0,0,0
Marc  Guéhi ,25,9,10,0,0,0,0,0,0,0,0,4,32,1,0,2,0,14,0,1,"1,299",51.96,85,28,68%,0,1,18,88,44,0,120,90,59,7,29,29,1,3,0%,1,0,0,0,0,0,0,0,0,0,0,0,0
Joachim  Andersen ,38,13,15,0,0,0,0,0,0,0,0,8,58,1,0,7,0,43,2,3,"2,151",56.61,202,56,63%,0,5,40,202,109,0,193,181,107,14,90,47,4,31,32%,6,0,0,2,0,0,0,0,0,0,0,0,1
Nathaniel  Clyne ,19,8,6,0,0,0,0,0,0,0,0,3,16,0,0,0,0,6,0,0,533,28.05,26,24,63%,0,1,10,28,10,1,50,48,27,8,13,8,0,9,22%,0,0,0,0,0,0,0,0,0,0,1,0,0
Chris  Richards ,26,10,8,0,0,0,0,0,0,0,0,4,38,0,0,3,0,12,1,1,922,35.46,34,47,60%,0,2,27,106,62,0,88,114,70,1,60,44,1,1,0%,1,0,1,0,0,0,0,0,0,0,0,0,1
Nathan  Ferguson ,0,0,0,0,0,0,0,0,0,0,0,0,0,0,0,0,0,0,0,0,0,0.00,0,0,0%,0,0,0,0,0,0,0,0,0,0,0,0,0,0,0%,0,0,0,0,0,0,0,0,0,0,0,0,0
Kofi  Balmer ,0,0,0,0,0,0,0,0,0,0,0,0,0,0,0,0,0,0,0,0,0,0.00,0,0,0%,0,0,0,0,0,0,0,0,0,0,0,0,0,0,0%,0,0,0,0,0,0,0,0,0,0,0,0,0
Rob  Holding ,0,0,0,0,0,0,0,0,0,0,0,0,0,0,0,0,0,0,0,0,0,0.00,0,0,0%,0,0,0,0,0,0,0,0,0,0,0,0,0,0,0%,0,0,0,0,0,0,0,0,0,0,0,0,0
Daniel  Muñoz ,16,7,5,0,0,0,0,0,0,0,0,4,22,0,0,4,0,30,0,4,566,35.38,9,55,64%,1,3,24,34,14,0,76,102,95,13,26,28,5,11,9%,0,0,0,0,0,0,0,0,0,0,0,0,8
Danny  Imray ,0,0,0,0,0,0,0,0,0,0,0,0,0,0,0,0,0,0,0,0,0,0.00,0,0,0%,0,0,0,0,0,0,0,0,0,0,0,0,0,0,0%,0,0,0,0,0,0,0,0,0,0,0,0,0
Michael  Olise ,19,8,7,0,0,0,0,0,0,0,0,0,0,0,0,0,0,13,10,6,609,32.05,25,19,53%,0,21,11,9,3,0,68,109,110,40,7,15,9,97,26%,7,0.53,1,0,9,1,0,57,21,37%,0,3,2
Eberechi  Eze ,27,12,9,0,0,0,0,0,0,0,0,0,0,0,0,3,0,27,11,4,790,29.26,27,35,49%,0,28,11,4,3,0,136,164,176,69,12,24,7,107,33%,7,0.41,0,9,2,1,1,83,34,41%,0,4,11
Jeffrey  Schlupp ,29,11,12,0,0,0,0,0,0,0,0,0,0,0,0,1,0,24,2,2,323,11.14,6,38,63%,0,4,8,18,12,0,54,92,93,17,22,17,2,10,20%,0,0.07,0,0,2,0,0,19,11,58%,0,1,0
Will  Hughes ,30,10,13,0,0,0,0,0,0,0,0,0,0,0,0,6,0,39,0,1,845,28.17,10,60,55%,0,2,22,20,5,0,121,111,109,9,12,18,2,30,33%,2,0.00,0,0,0,0,0,8,3,38%,0,0,1
Cheick  Doucouré ,11,4,5,0,0,0,0,0,0,0,0,0,0,0,0,2,0,10,0,0,421,38.27,8,34,50%,0,2,20,9,3,0,74,50,42,10,5,9,1,1,0%,5,0.00,0,0,0,0,0,6,2,33%,0,0,0
Naouirou  Ahamada ,20,4,11,0,0,0,0,0,0,0,0,0,0,0,0,2,1,9,0,0,179,8.95,8,13,69%,0,4,2,4,1,0,30,29,37,7,4,3,0,6,0%,0,0.00,0,0,0,0,0,9,2,22%,0,0,1
Jairo  Riedewald ,9,6,0,0,0,0,0,0,0,0,0,0,0,0,0,0,0,3,0,0,108,12.00,4,9,33%,0,0,2,2,1,0,14,15,11,1,3,2,0,3,0%,0,0.00,0,0,0,0,0,1,0,0%,0,0,0
Jefferson  Lerma ,28,8,14,0,0,0,0,0,0,0,0,0,0,0,0,8,0,43,1,1,"1,225",43.75,40,42,60%,0,5,36,64,37,0,174,147,116,11,69,36,3,14,21%,8,0.04,0,1,0,0,0,34,9,26%,3,2,4
Jesurun  Rak-Sakyi ,6,0,4,0,0,0,0,0,0,0,0,0,0,0,0,0,0,1,0,0,47,7.83,1,4,25%,0,4,3,1,0,0,6,15,11,4,3,1,0,3,0%,0,0.00,0,0,0,0,0,5,1,20%,0,0,0
Jack  Wells-Morrison ,0,0,0,0,0,0,0,0,0,0,0,0,0,0,0,0,0,0,0,0,0,0.00,0,0,0%,0,0,0,0,0,0,0,0,0,0,0,0,0,0,0%,0,0.00,0,0,0,0,0,0,0,0%,0,0,0
David  Ozoh ,9,2,4,0,0,0,0,0,0,0,0,0,0,0,0,1,0,2,0,0,51,5.67,0,10,60%,0,0,0,2,1,0,8,14,14,1,3,5,0,0,0%,0,0.00,0,0,0,0,0,0,0,0%,0,0,0
Jadan  Raymond ,0,0,0,0,0,0,0,0,0,0,0,0,0,0,0,0,0,0,0,0,0,0.00,0,0,0%,0,0,0,0,0,0,0,0,0,0,0,0,0,0,0%,0,0.00,0,0,0,0,0,0,0,0%,0,0,0
Adam  Wharton ,16,7,5,0,0,0,0,0,0,0,0,0,0,1,0,2,0,18,0,3,563,35.19,28,48,67%,0,3,20,24,8,0,76,79,66,3,8,12,5,25,32%,3,0.00,0,0,0,0,0,10,1,10%,0,0,0
Kaden  Rodney ,0,0,0,0,0,0,0,0,0,0,0,0,0,0,0,0,0,0,0,0,0,0.00,0,0,0%,0,0,0,0,0,0,0,0,0,0,0,0,0,0,0%,0,0.00,0,0,0,0,0,0,0,0%,0,0,0
Justin  Devenny ,0,0,0,0,0,0,0,0,0,0,0,0,0,0,0,0,0,0,0,0,0,0.00,0,0,0%,0,0,0,0,0,0,0,0,0,0,0,0,0,0,0%,0,0.00,0,0,0,0,0,0,0,0%,0,0,0
Jordan  Ayew ,35,12,14,0,0,0,0,0,0,0,0,0,0,0,0,7,1,46,4,7,811,23.17,0,65,0,0,12,16,13,5,0,0,0,0,0,0,0,7,97,0,0,0.11,1,3,0,0,0,48,20,42%,1,4,7
Jean-Philippe  Mateta ,35,11,14,0,0,0,0,0,0,0,0,0,0,0,0,3,0,35,16,5,413,11.80,0,22,0,0,7,4,14,11,0,0,0,0,0,0,0,5,20,0,0,0.46,1,12,3,2,0,46,29,63%,0,7,24
Odsonne  Édouard ,30,10,13,0,0,0,0,0,0,0,0,0,0,0,0,4,0,31,7,0,338,11.27,0,24,0,0,18,6,18,14,0,0,0,0,0,0,0,1,10,0,0,0.23,0,4,3,0,0,51,19,37%,3,6,9
Matheus  França ,10,2,7,0,0,0,0,0,0,0,0,0,0,0,0,1,0,6,0,1,65,6.50,3,3,100%,0,2,1,1,0,0,17,10,33,4,1,5,1,14,21%,0,0.00,0,0,0,0,0,8,2,25%,0,0,2
Franco  Umeh-Chibueze ,0,0,0,0,0,0,0,0,0,0,0,0,0,0,0,0,0,0,0,0,0,0.00,0,0,0,0,0,0,0,0,0,0,0,0,0,0,0,0,0,0,0,0.00,0,0,0,0,0,0,0,0%,0,0,0
Roshaun  Mathurin ,0,0,0,0,0,0,0,0,0,0,0,0,0,0,0,0,0,0,0,0,0,0.00,0,0,0,0,0,0,0,0,0,0,0,0,0,0,0,0,0,0,0,0.00,0,0,0,0,0,0,0,0%,0,0,0
Jordan  Pickford ,38,13,16,121,0,15,26,6,0,141,273,13,51,1,1,5,0,1,0,0,"1,429",37.61,400,0,0,0,0,0,0,0,0,0,0,0,0,0,0,0,0,0,0,0,0,0,0,0,0,0,0,0,0,0,0
Andy  Lonergan ,0,0,0,0,0,0,0,0,0,0,0,0,0,0,0,0,0,0,0,0,0,0.00,0,0,0,0,0,0,0,0,0,0,0,0,0,0,0,0,0,0,0,0,0,0,0,0,0,0,0,0,0,0,0
Billy  Crellin ,0,0,0,0,0,0,0,0,0,0,0,0,0,0,0,0,0,0,0,0,0,0.00,0,0,0,0,0,0,0,0,0,0,0,0,0,0,0,0,0,0,0,0,0,0,0,0,0,0,0,0,0,0,0
João  Virgínia ,0,0,0,0,0,0,0,0,0,0,0,0,0,0,0,0,0,0,0,0,0,0.00,0,0,0,0,0,0,0,0,0,0,0,0,0,0,0,0,0,0,0,0,0,0,0,0,0,0,0,0,0,0,0
James  Tarkowski ,38,13,16,0,0,0,0,0,0,0,0,13,51,1,0,11,0,45,1,1,"1,525",40.13,159,61,69%,3,5,56,186,107,1,186,242,147,16,145,62,5,6,50%,1,0,1,0,0,0,0,0,0,0,1,0,1
Nathan  Patterson ,20,6,11,0,0,0,0,0,0,0,0,2,21,0,0,4,0,18,0,2,408,20.40,27,34,71%,1,2,9,28,16,1,60,53,66,7,7,10,3,32,22%,1,0,0,0,0,0,0,0,0,0,1,0,1
Michael  Keane ,9,2,7,0,0,0,0,0,0,0,0,1,13,1,0,2,0,5,1,0,220,24.44,17,7,43%,0,1,5,18,8,0,26,25,25,2,16,11,0,0,0%,0,0,0,1,0,0,0,0,0,0,1,0,0
Vitalii  Mykolenko ,28,10,11,0,0,0,0,0,0,0,0,9,37,0,0,1,0,23,2,0,882,31.50,54,69,55%,0,11,36,82,37,1,142,126,97,18,30,27,2,56,23%,2,0,1,1,0,0,0,0,0,0,2,0,1
Ben  Godfrey ,15,3,5,0,0,0,0,0,0,0,0,4,13,0,0,2,0,8,0,0,342,22.80,10,30,67%,2,5,16,51,26,0,45,66,60,5,26,25,0,21,19%,0,0,0,0,0,0,0,0,0,0,0,0,2
Séamus  Coleman ,12,3,5,0,0,0,0,0,0,0,0,3,10,1,1,0,0,6,0,0,220,18.33,11,17,82%,0,0,7,24,10,1,39,29,25,6,1,4,1,13,15%,0,0,0,0,0,0,0,0,0,0,0,0,0
Jarrad  Branthwaite ,35,12,14,0,0,0,0,0,0,0,0,12,44,0,0,8,0,25,3,0,"1,371",39.17,73,66,48%,2,3,50,157,82,0,181,184,88,5,95,45,1,1,100%,0,0,1,0,2,0,0,0,0,0,0,0,5
Ashley  Young ,31,11,12,0,0,0,0,0,0,0,0,6,32,3,1,5,1,33,0,0,775,25.00,48,53,72%,0,6,22,45,24,1,120,108,114,12,19,32,2,100,24%,2,0,0,0,0,0,0,0,0,0,0,0,1
Amadou  Onana ,30,9,15,0,0,0,0,0,0,0,0,0,0,0,0,5,0,37,2,0,"1,023",34.10,61,71,54%,0,8,21,30,16,0,160,180,93,12,53,19,4,3,33%,6,0.07,2,0,0,0,0,29,6,21%,0,1,1
Abdoulaye  Doucouré ,32,13,12,0,0,0,0,0,0,0,0,0,0,0,0,7,0,53,7,2,866,27.06,17,43,63%,0,9,15,18,5,0,144,100,183,25,24,42,4,26,12%,1,0.22,1,5,1,0,0,47,23,49%,1,10,21
Idrissa  Gueye ,25,9,9,0,0,0,0,0,0,0,0,0,0,0,0,8,0,35,4,0,880,35.20,22,73,60%,0,11,28,16,6,0,174,128,91,11,15,9,1,11,9%,2,0.16,0,3,1,0,1,26,7,27%,0,0,0
James  Garner ,37,12,16,0,0,0,0,0,0,0,0,0,0,1,0,7,0,39,1,2,"1,111",30.03,46,83,53%,0,10,45,45,15,0,172,169,134,19,25,24,7,112,22%,4,0.03,0,1,0,0,0,41,11,27%,4,1,3
 ,0,0,0,0,0,0,0,0,0,0,0,0,0,0,0,0,0,0,0,0,0,0.00,0,0,0%,0,0,0,0,0,0,0,0,0,0,0,0,0,0,0%,0,0.00,0,0,0,0,0,0,0,0%,0,0,0
André  Gomes ,12,3,7,0,0,0,0,0,0,0,0,0,0,0,0,4,0,17,1,0,259,21.58,18,7,57%,0,2,3,3,1,0,34,16,49,3,1,9,0,26,12%,4,0.08,0,1,0,0,0,8,4,50%,0,0,0
Tyler  Onyango ,1,0,1,0,0,0,0,0,0,0,0,0,0,0,0,0,0,0,0,0,0,0.00,0,0,0%,0,0,0,0,0,0,0,0,0,0,0,0,0,0,0%,0,0.00,0,0,0,0,0,0,0,0%,0,0,0
Mackenzie  Hunt ,0,0,0,0,0,0,0,0,0,0,0,0,0,0,0,0,0,0,0,0,0,0.00,0,0,0%,0,0,0,0,0,0,0,0,0,0,0,0,0,0,0%,0,0.00,0,0,0,0,0,0,0,0%,0,0,0
Jenson  Metcalfe ,0,0,0,0,0,0,0,0,0,0,0,0,0,0,0,0,0,0,0,0,0,0.00,0,0,0%,0,0,0,0,0,0,0,0,0,0,0,0,0,0,0%,0,0.00,0,0,0,0,0,0,0,0%,0,0,0
Lewis  Warrington ,1,1,0,0,0,0,0,0,0,0,0,0,0,0,0,0,0,0,0,0,2,2.00,0,0,0%,0,0,0,0,0,0,1,0,0,0,0,0,0,0,0%,0,0.00,0,0,0,0,0,0,0,0%,0,0,0
Dwight  McNeil ,35,13,13,0,0,0,0,0,0,0,0,0,0,0,0,2,0,18,3,6,"1,001",28.60,0,44,0,0,20,22,27,15,0,0,0,0,0,0,0,17,229,0,0,0.09,0,0,3,0,0,57,15,26%,3,3,4
Dominic  Calvert-Lewin ,32,11,13,0,0,0,0,0,0,0,0,0,0,0,0,2,0,31,7,2,434,13.56,0,13,0,0,8,4,38,30,0,0,0,0,0,0,0,4,3,0,0,0.22,1,5,1,2,0,73,31,42%,3,16,24
Lewis  Dobbin ,12,3,7,0,0,0,0,0,0,0,0,0,0,0,0,1,0,3,1,0,54,4.50,0,9,0,0,0,1,0,0,0,0,0,0,0,0,0,1,7,0,0,0.08,0,0,1,0,0,5,2,40%,0,1,0
Arnaut  Danjuma ,14,1,10,0,0,0,0,0,0,0,0,0,0,0,0,0,0,7,1,0,140,10.00,0,6,0,0,8,3,0,0,0,0,0,0,0,0,0,1,10,0,0,0.07,0,0,1,0,0,25,9,36%,2,5,3
Youssef  Chermiti ,18,7,8,0,0,0,0,0,0,0,0,0,0,0,0,3,0,11,0,0,58,3.22,0,3,0,0,2,1,2,1,0,0,0,0,0,0,0,2,0,0,0,0.00,0,0,0,0,0,7,2,29%,0,1,6
Jack  Harrison ,29,11,11,0,0,0,0,0,0,0,0,0,0,0,0,1,0,20,3,3,534,18.41,14,37,59%,0,13,12,21,7,0,129,106,151,29,12,19,5,81,17%,4,0.10,0,1,2,0,0,34,9,26%,0,3,1
 Beto ,30,9,12,0,0,0,0,0,0,0,0,0,0,0,0,2,0,21,3,0,174,5.80,0,14,0,0,4,1,13,11,0,0,0,0,0,0,0,3,5,0,0,0.10,1,1,1,0,0,43,13,30%,0,8,10
Marek  Rodák ,0,0,0,0,0,0,0,0,0,0,0,0,0,0,0,1,0,0,0,0,0,0.00,0,0,0,0,0,0,0,0,0,0,0,0,0,0,0,0,0,0,0,0,0,0,0,0,0,0,0,0,0,0,0
Bernd  Leno ,38,13,17,134,0,18,16,8,0,167,201,10,61,1,1,3,0,0,0,0,"1,406",37.00,176,0,0,0,0,0,0,0,0,0,0,0,0,0,0,0,0,0,0,0,0,0,0,0,0,0,0,0,0,0,0
Steven  Benda ,0,0,0,0,0,0,0,0,0,0,0,0,0,0,0,0,0,0,0,0,0,0.00,0,0,0,0,0,0,0,0,0,0,0,0,0,0,0,0,0,0,0,0,0,0,0,0,0,0,0,0,0,0,0
Kenny  Tete ,14,4,7,0,0,0,0,0,0,0,0,2,21,0,0,2,0,16,1,0,422,30.14,15,27,63%,0,0,16,31,14,0,45,53,40,9,5,5,0,23,30%,1,0,0,1,0,0,0,0,0,0,1,0,0
Tosin  Adarabioyo ,20,8,8,0,0,0,0,0,0,0,0,6,25,0,0,2,0,10,2,0,"1,211",60.55,72,21,52%,0,2,25,80,47,0,43,83,51,1,57,28,0,1,0%,1,0,2,0,0,0,0,0,0,0,1,0,0
Tim  Ream ,18,6,8,0,0,0,0,0,0,0,0,3,29,2,0,2,1,8,1,0,"1,058",58.78,73,20,45%,0,0,25,59,31,1,79,57,40,6,26,19,0,1,0%,0,0,0,0,1,0,0,0,0,0,0,0,1
Issa  Diop ,18,6,7,0,0,0,0,0,0,0,0,4,25,1,0,2,1,17,0,0,"1,076",59.78,37,30,53%,1,1,17,80,35,3,65,60,43,1,25,17,0,0,0%,1,0,0,0,0,0,0,0,0,0,0,0,0
Antonee  Robinson ,37,12,17,0,0,0,0,0,0,0,0,7,60,1,2,6,0,34,0,6,"1,629",44.03,101,93,62%,0,6,80,109,65,2,227,192,169,37,42,27,6,132,23%,1,0,0,0,0,0,0,0,0,0,0,0,3
Luc  De Fougerolles ,0,0,0,0,0,0,0,0,0,0,0,0,0,0,0,0,0,0,0,0,0,0.00,0,0,0%,0,0,0,0,0,0,0,0,0,0,0,0,0,0,0%,0,0,0,0,0,0,0,0,0,0,0,0,0
Calvin  Bassey ,29,11,13,0,0,0,0,0,0,0,0,6,42,1,0,4,1,15,1,0,"1,667",57.48,83,49,59%,1,1,28,80,37,0,171,101,57,11,30,25,0,3,0%,0,0,0,1,0,0,0,0,0,0,1,0,2
Timothy  Castagne ,34,12,15,0,0,0,0,0,0,0,0,8,40,0,0,3,0,22,1,3,"1,350",39.71,51,49,49%,0,4,38,57,24,0,119,111,92,17,35,34,1,50,20%,2,0,0,1,0,0,0,0,0,0,1,0,3
Fodé  Ballo-Touré ,6,4,2,0,0,0,0,0,0,0,0,0,1,0,0,1,0,4,0,0,55,9.17,3,4,50%,0,0,3,2,0,0,6,9,9,3,0,2,0,4,0%,0,0,0,0,0,0,0,0,0,0,0,0,0
Devan  Tanton ,0,0,0,0,0,0,0,0,0,0,0,0,0,0,0,0,0,0,0,0,0,0.00,0,0,0%,0,0,0,0,0,0,0,0,0,0,0,0,0,0,0%,0,0,0,0,0,0,0,0,0,0,0,0,0
Harrison  Reed ,27,12,10,0,0,0,0,0,0,0,0,0,0,0,0,6,0,26,0,2,722,26.74,21,29,62%,0,2,11,22,8,0,72,53,75,5,10,13,2,19,21%,2,0.00,0,0,0,0,0,9,2,22%,0,0,0
Harry  Wilson ,35,13,17,0,0,0,0,0,0,0,0,0,0,0,0,6,0,21,4,6,582,16.63,29,21,67%,0,11,10,11,5,0,78,81,72,15,5,6,5,42,29%,3,0.11,0,0,4,0,0,40,13,33%,2,2,5
Tom  Cairney ,34,11,16,0,0,0,0,0,0,0,0,0,0,0,0,3,0,16,1,4,"1,241",36.50,41,24,67%,0,3,13,6,1,0,105,87,61,26,14,6,5,25,20%,2,0.03,0,0,1,0,0,17,8,47%,1,0,0
Andreas  Pereira ,37,12,17,0,0,0,0,0,0,0,0,0,0,0,0,6,0,22,3,7,"1,063",28.73,50,25,48%,0,12,4,11,3,0,99,84,150,19,14,36,9,220,30%,14,0.08,0,2,1,0,0,52,16,31%,3,3,3
João  Palhinha ,33,9,16,0,0,0,0,0,0,0,0,0,0,0,0,13,0,52,4,1,"1,321",40.03,80,152,49%,0,12,46,54,22,0,195,259,166,11,41,31,1,5,20%,6,0.12,2,2,0,0,0,45,14,31%,1,4,2
Sasa  Lukic ,24,7,12,0,0,0,0,0,0,0,0,0,0,0,0,3,0,27,1,0,489,20.38,11,33,58%,0,5,16,18,9,0,65,58,69,5,11,8,0,4,0%,4,0.04,0,0,1,0,0,13,3,23%,0,2,0
Kristian  Sekularac ,0,0,0,0,0,0,0,0,0,0,0,0,0,0,0,0,0,0,0,0,0,0.00,0,0,0%,0,0,0,0,0,0,0,0,0,0,0,0,0,0,0%,0,0.00,0,0,0,0,0,0,0,0%,0,0,0
Matthew  Dibley-Dias ,0,0,0,0,0,0,0,0,0,0,0,0,0,0,0,0,0,0,0,0,0,0.00,0,0,0%,0,0,0,0,0,0,0,0,0,0,0,0,0,0,0%,0,0.00,0,0,0,0,0,0,0,0%,0,0,0
Joshua  King ,0,0,0,0,0,0,0,0,0,0,0,0,0,0,0,0,0,0,0,0,0,0.00,0,0,0%,0,0,0,0,0,0,0,0,0,0,0,0,0,0,0%,0,0.00,0,0,0,0,0,0,0,0%,0,0,0
Bobby  De Cordova-Reid ,33,11,14,0,0,0,0,0,0,0,0,0,0,0,0,4,0,16,6,2,442,13.39,0,22,0,0,7,5,12,8,0,0,0,0,0,0,0,3,35,0,0,0.18,1,4,1,0,0,33,8,24%,1,3,4
 Willian ,31,11,13,0,0,0,0,0,0,0,0,0,0,0,0,1,0,9,4,2,"1,059",34.16,0,18,0,0,17,9,10,7,0,0,0,0,0,0,0,6,75,0,0,0.13,0,4,0,2,0,45,18,40%,0,3,1
Rodrigo  Muniz ,26,7,13,0,0,0,0,0,0,0,0,0,0,0,0,1,0,24,9,1,219,8.42,0,7,0,0,17,6,20,19,0,0,0,0,0,0,0,2,2,0,0,0.35,2,7,0,0,0,73,27,37%,3,4,4
Raúl  Jiménez ,24,8,10,0,0,0,0,0,0,0,0,0,0,0,0,3,1,17,7,0,373,15.54,0,18,0,0,10,4,13,10,0,0,0,0,0,0,0,3,7,0,0,0.29,2,5,0,0,0,41,17,41%,2,4,12
Adama  Traoré ,17,5,9,0,0,0,0,0,0,0,0,0,0,0,0,2,0,5,2,3,111,6.53,0,4,0,0,1,1,2,1,0,0,0,0,0,0,0,2,26,0,0,0.12,0,2,0,0,0,11,7,64%,1,2,0
Alex  Iwobi ,32,11,16,0,0,0,0,0,0,0,0,0,0,0,0,2,0,12,5,2,"1,012",31.63,0,31,0,0,18,15,6,1,0,0,0,0,0,0,0,5,70,0,0,0.16,0,4,1,0,0,55,20,36%,1,2,8
Armando  Broja ,21,10,8,0,0,0,0,0,0,0,0,0,0,0,0,0,0,9,1,1,119,5.67,0,3,0,0,4,0,3,3,0,0,0,0,0,0,0,1,2,0,0,0.05,0,1,0,0,0,13,2,15%,1,2,6
Alisson  Becker ,28,16,4,83,0,10,11,4,0,140,116,8,30,2,0,1,0,1,0,0,997,35.61,83,0,0,0,0,0,0,0,0,0,0,0,0,0,0,0,0,0,0,0,0,0,0,0,0,0,0,0,0,0,0
 Adrián ,0,0,0,0,0,0,0,0,0,0,0,0,0,0,0,0,0,0,0,0,0,0.00,0,0,0,0,0,0,0,0,0,0,0,0,0,0,0,0,0,0,0,0,0,0,0,0,0,0,0,0,0,0,0
Caoimhín  Kelleher ,10,8,0,28,0,3,4,1,0,52,28,2,11,1,0,0,0,0,0,0,387,38.70,44,0,0,0,0,0,0,0,0,0,0,0,0,0,0,0,0,0,0,0,0,0,0,0,0,0,0,0,0,0,0
Fabian  Mrozek ,0,0,0,0,0,0,0,0,0,0,0,0,0,0,0,0,0,0,0,0,0,0.00,0,0,0,0,0,0,0,0,0,0,0,0,0,0,0,0,0,0,0,0,0,0,0,0,0,0,0,0,0,0,0
Joe  Gomez ,32,21,3,0,0,0,0,0,0,0,0,5,19,0,0,5,0,28,0,1,"1,149",35.91,48,47,66%,0,5,19,45,26,0,111,109,94,15,31,11,2,39,18%,3,0,0,0,0,0,0,0,0,0,0,0,0
Virgil  van Dijk ,36,22,4,0,0,0,0,0,0,0,0,9,40,0,0,3,1,23,2,2,"2,872",79.78,156,40,57%,3,10,39,142,68,1,170,195,63,2,140,32,3,0,0%,0,0,1,1,0,0,0,0,0,0,2,0,1
Ibrahima  Konaté ,22,13,4,0,0,0,0,0,0,0,0,5,18,1,0,3,1,25,0,0,"1,449",65.86,47,36,61%,1,1,20,51,31,0,97,132,68,6,77,31,1,1,0%,5,0,0,0,0,0,0,0,0,0,0,0,0
Kostas  Tsimikas ,13,8,1,0,0,0,0,0,0,0,0,3,7,0,0,0,0,11,0,3,360,27.69,12,19,68%,0,1,6,9,4,0,43,33,44,4,4,14,2,72,26%,0,0,0,0,0,0,0,0,0,0,0,0,1
Andy  Robertson ,23,14,4,0,0,0,0,0,0,0,0,2,22,0,0,2,0,9,3,2,"1,244",54.09,47,35,69%,0,3,13,34,14,1,104,59,55,5,14,13,10,184,30%,0,0,0,1,2,0,0,0,0,0,0,0,3
Joël  Matip ,10,7,1,0,0,0,0,0,0,0,0,2,9,0,1,2,0,7,0,0,563,56.30,16,12,50%,0,1,9,41,26,0,58,43,27,0,28,10,0,0,0%,0,0,0,0,0,0,0,0,0,0,0,0,1
Rhys  Williams ,0,0,0,0,0,0,0,0,0,0,0,0,0,0,0,0,0,0,0,0,0,0.00,0,0,0%,0,0,0,0,0,0,0,0,0,0,0,0,0,0,0%,0,0,0,0,0,0,0,0,0,0,0,0,0
Trent  Alexander-Arnold ,28,16,4,0,0,0,0,0,0,0,0,4,28,2,0,6,0,9,3,4,"1,685",60.18,147,39,67%,3,14,31,42,15,0,176,84,102,28,8,6,17,168,33%,22,0,0,3,0,0,0,0,0,0,3,0,2
Jarell  Quansah ,17,12,1,0,0,0,0,0,0,0,0,2,15,1,0,1,0,10,2,0,"1,165",68.53,44,25,88%,0,0,17,39,20,0,72,76,43,4,45,22,0,0,0%,1,0,1,1,0,0,0,0,0,0,0,0,0
Conor  Bradley ,11,8,1,0,0,0,0,0,0,0,0,0,7,0,1,2,0,8,1,3,437,39.73,15,33,76%,0,4,10,13,6,0,50,69,51,13,11,5,2,18,22%,3,0,0,1,0,0,0,0,0,0,0,0,2
Stefan  Bajcetic ,1,1,0,0,0,0,0,0,0,0,0,0,0,0,0,0,0,1,0,0,10,10.00,0,4,25%,0,0,0,0,0,0,2,6,3,0,0,0,0,0,0%,0,0.00,0,0,0,0,0,0,0,0%,0,0,0
Thiago  Alcântara ,1,0,1,0,0,0,0,0,0,0,0,0,0,0,0,0,0,0,0,0,10,10.00,1,0,0%,0,0,0,0,0,0,0,0,0,0,0,0,0,0,0%,0,0.00,0,0,0,0,0,0,0,0%,0,0,0
Curtis  Jones ,23,13,4,0,0,0,0,0,0,0,0,0,0,0,0,3,1,16,1,1,750,32.61,12,27,52%,0,7,7,7,2,0,72,63,84,15,7,12,0,4,25%,4,0.04,0,1,0,0,0,19,6,32%,0,1,5
Harvey  Elliott ,34,21,3,0,0,0,0,0,0,0,0,0,0,0,0,2,0,7,3,6,904,26.59,40,27,63%,0,19,6,6,2,0,78,58,59,9,9,13,5,62,35%,3,0.09,0,0,3,0,0,49,17,35%,3,1,1
Bobby  Clark ,5,5,0,0,0,0,0,0,0,0,0,0,0,0,0,0,0,4,0,0,49,9.80,1,2,50%,0,1,1,1,1,0,6,5,16,0,0,1,0,0,0%,0,0.00,0,0,0,0,0,2,0,0%,0,0,0
Alexis  Mac Allister ,33,21,4,0,0,0,0,0,0,0,0,0,0,1,0,7,1,53,5,5,"1,927",58.39,61,99,56%,0,19,35,25,15,0,195,195,193,18,31,29,3,32,31%,14,0.15,1,4,0,1,0,44,9,20%,1,2,0
Dominik  Szoboszlai ,33,20,3,0,0,0,0,0,0,0,0,0,0,0,0,1,0,29,3,2,"1,399",42.39,54,32,59%,0,23,15,13,5,0,171,97,137,24,14,20,7,113,25%,3,0.09,1,1,1,0,0,60,15,25%,0,2,3
Wataru  Endo ,29,19,3,0,0,0,0,0,0,0,0,0,0,0,0,10,0,50,1,0,"1,305",45.00,28,48,58%,0,4,20,30,25,0,108,114,145,10,31,27,2,4,50%,5,0.03,0,1,0,0,0,10,3,30%,1,0,0
Ryan  Gravenberch ,26,17,2,0,0,0,0,0,0,0,0,0,0,0,0,0,0,20,1,0,493,18.96,6,26,46%,0,7,14,11,3,0,74,74,85,23,10,14,1,4,0%,4,0.04,0,1,0,0,0,23,8,35%,1,1,0
Treymaurice  Nyoni ,0,0,0,0,0,0,0,0,0,0,0,0,0,0,0,0,0,0,0,0,0,0.00,0,0,0%,0,0,0,0,0,0,0,0,0,0,0,0,0,0,0%,0,0.00,0,0,0,0,0,0,0,0%,0,0,0
Thomas  Hill ,0,0,0,0,0,0,0,0,0,0,0,0,0,0,0,0,0,0,0,0,0,0.00,0,0,0%,0,0,0,0,0,0,0,0,0,0,0,0,0,0,0%,0,0.00,0,0,0,0,0,0,0,0%,0,0,0
Amara  Nallo ,0,0,0,0,0,0,0,0,0,0,0,0,0,0,0,0,0,0,0,0,0,0.00,0,0,0%,0,0,0,0,0,0,0,0,0,0,0,0,0,0,0%,0,0.00,0,0,0,0,0,0,0,0%,0,0,0
Mohamed  Salah ,32,19,3,0,0,0,0,0,0,0,0,0,0,0,0,2,0,12,18,10,935,29.22,0,17,0,0,24,2,1,1,0,0,0,0,0,0,0,22,41,0,0,0.56,2,2,14,5,0,114,56,49%,2,17,17
Cody  Gakpo ,35,23,3,0,0,0,0,0,0,0,0,0,0,0,0,1,0,28,8,5,535,15.29,0,27,0,0,17,14,7,5,0,0,0,0,0,0,0,5,21,0,0,0.23,3,3,2,0,0,66,24,36%,0,6,8
Diogo  Jota ,21,15,3,0,0,0,0,0,0,0,0,0,0,0,0,1,1,27,10,3,384,18.29,0,23,0,0,11,7,4,3,0,0,0,0,0,0,0,4,9,0,0,0.48,1,5,4,0,0,41,20,49%,0,3,3
Luis  Díaz ,37,23,4,0,0,0,0,0,0,0,0,0,0,0,0,3,0,54,8,5,"1,019",27.54,0,35,0,0,29,3,7,2,0,0,0,0,0,0,0,5,26,0,0,0.22,1,4,2,0,0,94,32,34%,3,13,20
Darwin  Núñez ,36,23,3,0,0,0,0,0,0,0,0,0,0,0,0,9,0,28,11,8,465,12.92,0,22,0,0,22,3,9,9,0,0,0,0,0,0,0,11,19,0,0,0.31,2,7,2,0,0,108,46,43%,9,27,33
Ben  Doak ,1,0,0,0,0,0,0,0,0,0,0,0,0,0,0,0,0,0,0,0,4,4.00,0,0,0,0,0,0,0,0,0,0,0,0,0,0,0,0,0,0,0,0.00,0,0,0,0,0,0,0,0%,0,0,0
Kaide  Gordon ,1,1,0,0,0,0,0,0,0,0,0,0,0,0,0,0,0,0,0,0,1,1.00,0,0,0,0,0,0,0,0,0,0,0,0,0,0,0,0,0,0,0,0.00,0,0,0,0,0,0,0,0%,0,0,0
Jayden  Danns ,2,2,0,0,0,0,0,0,0,0,0,0,0,0,0,1,0,2,0,0,7,3.50,0,0,0,0,0,0,0,0,0,0,0,0,0,0,0,0,0,0,0,0.00,0,0,0,0,0,0,0,0%,0,0,0
Mateusz  Musialowski ,0,0,0,0,0,0,0,0,0,0,0,0,0,0,0,0,0,0,0,0,0,0.00,0,0,0,0,0,0,0,0,0,0,0,0,0,0,0,0,0,0,0,0.00,0,0,0,0,0,0,0,0%,0,0,0
James  Shea ,1,0,1,2,0,0,0,0,0,1,3,0,0,0,0,0,0,0,0,0,8,8.00,3,0,0,0,0,0,0,0,0,0,0,0,0,0,0,0,0,0,0,0,0,0,0,0,0,0,0,0,0,0,0
Thomas  Kaminski ,38,6,24,145,0,8,15,5,0,150,341,2,85,1,0,3,0,0,0,0,"1,310",34.47,312,0,0,0,0,0,0,0,0,0,0,0,0,0,0,0,0,0,0,0,0,0,0,0,0,0,0,0,0,0,0
Tim  Krul ,0,0,0,0,0,0,0,0,0,0,0,0,0,0,0,0,0,0,0,0,0,0.00,0,0,0,0,0,0,0,0,0,0,0,0,0,0,0,0,0,0,0,0,0,0,0,0,0,0,0,0,0,0,0
Dan  Potts ,0,0,0,0,0,0,0,0,0,0,0,0,0,0,0,0,0,0,0,0,0,0.00,0,0,0%,0,0,0,0,0,0,0,0,0,0,0,0,0,0,0%,0,0,0,0,0,0,0,0,0,0,0,0,0
Tom  Lockyer ,14,2,9,0,0,0,0,0,0,0,0,0,23,0,1,4,0,15,1,1,418,29.86,45,25,64%,1,1,23,66,31,0,89,70,42,4,31,17,1,1,0%,1,0,0,0,1,0,0,0,0,0,0,0,0
Reece  Burke ,22,3,13,0,0,0,0,0,0,0,0,1,37,1,0,5,0,20,0,4,680,30.91,34,37,62%,1,6,18,73,28,2,62,99,72,4,46,33,3,13,31%,0,0,0,0,0,0,0,0,0,0,0,0,1
Amari'i  Bell ,21,5,13,0,0,0,0,0,0,0,0,1,41,1,0,0,0,22,0,0,789,37.57,29,50,66%,0,0,25,55,20,0,98,96,77,10,21,22,0,13,8%,2,0,0,0,0,0,0,0,0,0,0,0,0
Gabriel  Osho ,21,4,12,0,0,0,0,0,0,0,0,2,47,0,0,3,0,23,2,0,705,33.57,27,41,54%,0,1,31,88,41,0,103,98,84,7,37,37,0,3,33%,0,0,2,0,0,0,0,0,0,0,0,0,1
Axel  Piesold ,0,0,0,0,0,0,0,0,0,0,0,0,0,0,0,0,0,0,0,0,0,0.00,0,0,0%,0,0,0,0,0,0,0,0,0,0,0,0,0,0,0%,0,0.00,0,0,0,0,0,0,0,0%,0,0,0
Joe  Johnson ,2,0,2,0,0,0,0,0,0,0,0,0,5,0,0,1,0,1,0,0,34,17.00,5,0,0%,0,0,0,0,0,0,3,0,4,0,0,1,0,0,0%,0,0,0,0,0,0,0,0,0,0,0,0,0
Mads  Andersen ,8,3,5,0,0,0,0,0,0,0,0,0,6,0,0,1,0,6,1,0,115,14.38,7,6,83%,0,0,8,29,16,0,25,19,12,0,11,6,0,0,0%,0,0,1,0,0,0,0,0,0,0,0,0,0
Issa  Kaboré ,24,3,16,0,0,0,0,0,0,0,0,0,39,1,1,7,0,27,0,2,540,22.50,16,52,54%,0,2,16,46,16,1,102,117,92,18,18,20,5,66,21%,1,0,0,0,0,0,0,0,0,0,0,0,2
Teden  Mengi ,30,5,18,0,0,0,0,0,0,0,0,1,59,0,0,3,0,35,1,0,925,30.83,70,54,41%,1,0,57,136,67,2,126,128,95,7,60,43,0,2,0%,1,0,0,1,0,0,0,0,0,0,0,0,1
Daiki  Hashioka ,10,1,8,0,0,0,0,0,0,0,0,0,21,0,2,0,0,10,0,0,254,25.40,9,11,45%,0,1,8,20,8,0,26,30,35,1,13,12,1,9,33%,0,0,0,0,0,0,0,0,0,0,0,0,0
Christian  Chigozie ,0,0,0,0,0,0,0,0,0,0,0,0,0,0,0,0,0,0,0,0,0,0.00,0,0,0%,0,0,0,0,0,0,0,0,0,0,0,0,0,0,0%,0,0,0,0,0,0,0,0,0,0,0,0,0
Luke  Berry ,17,2,11,0,0,0,0,0,0,0,0,0,0,0,0,1,0,6,2,1,88,5.18,3,7,29%,0,2,0,1,1,0,8,23,19,2,7,8,0,8,13%,0,0.12,0,1,1,0,0,8,4,50%,0,0,0
Pelly  Ruddock Mpanzu ,27,5,18,0,0,0,0,0,0,0,0,0,0,2,0,1,0,9,0,0,343,12.70,16,13,38%,0,4,9,16,10,0,54,48,54,9,12,19,1,11,27%,0,0.00,0,0,0,0,0,11,1,9%,0,1,0
Jordan  Clark ,23,3,16,0,0,0,0,0,0,0,0,0,0,0,0,4,0,14,1,1,478,20.78,23,29,55%,0,8,11,14,5,0,59,85,100,12,18,15,3,23,30%,1,0.04,0,1,0,0,0,17,4,24%,0,0,5
Fred  Onyedinma ,8,1,6,0,0,0,0,0,0,0,0,0,0,0,0,1,0,10,0,0,85,10.63,0,10,60%,0,1,1,13,7,0,10,26,41,2,8,6,0,13,8%,0,0.00,0,0,0,0,0,5,2,40%,0,0,0
Elliot  Thorpe ,0,0,0,0,0,0,0,0,0,0,0,0,0,0,0,0,0,0,0,0,0,0.00,0,0,0%,0,0,0,0,0,0,0,0,0,0,0,0,0,0,0%,0,0.00,0,0,0,0,0,0,0,0%,0,0,0
Zack  Nelson ,2,0,1,0,0,0,0,0,0,0,0,0,0,0,0,0,0,0,0,0,4,2.00,0,1,0%,0,0,0,0,0,0,0,1,0,0,0,0,0,0,0%,0,0.00,0,0,0,0,0,0,0,0%,0,0,0
Alfie  Doughty ,37,6,23,0,0,0,0,0,0,0,0,0,0,1,0,5,0,31,2,8,"1,088",29.41,66,62,63%,0,13,31,36,13,0,185,127,124,33,23,12,10,340,26%,0,0.05,0,0,2,0,1,26,8,31%,0,2,13
Tahith  Chong ,33,3,24,0,0,0,0,0,0,0,0,0,0,0,0,4,0,21,4,0,499,15.12,15,36,61%,0,16,8,10,4,0,104,133,130,25,9,22,0,35,23%,5,0.12,1,0,3,0,0,31,7,23%,0,1,4
Marvelous  Nakamba ,13,1,9,0,0,0,0,0,0,0,0,0,0,0,0,5,0,24,0,0,415,31.92,19,40,60%,0,1,11,11,4,0,90,56,57,3,4,7,0,4,25%,0,0.00,0,0,0,0,0,5,0,0%,0,0,0
Ross  Barkley ,32,5,20,0,0,0,0,0,0,0,0,0,0,0,0,6,0,25,5,4,"1,405",43.91,87,47,40%,0,19,25,48,32,0,201,195,185,66,44,34,6,45,31%,4,0.16,1,2,2,0,0,66,19,29%,3,1,0
Albert  Sambi Lokonga ,17,3,10,0,0,0,0,0,0,0,0,0,0,0,0,4,0,18,1,3,740,43.53,41,29,62%,0,4,11,14,2,0,64,82,52,11,16,9,2,13,8%,5,0.06,1,0,0,0,0,8,2,25%,0,0,0
Andros  Townsend ,27,5,16,0,0,0,0,0,0,0,0,0,0,0,0,1,0,13,1,3,349,12.93,15,21,62%,0,9,5,9,2,0,68,49,76,16,0,10,2,74,23%,1,0.04,1,0,0,0,0,20,7,35%,0,0,2
Dominic  Martins ,0,0,0,0,0,0,0,0,0,0,0,0,0,0,0,0,0,0,0,0,0,0.00,0,0,0%,0,0,0,0,0,0,0,0,0,0,0,0,0,0,0%,0,0.00,0,0,0,0,0,0,0,0%,0,0,0
Carlton  Morris ,38,6,24,0,0,0,0,0,0,0,0,0,0,0,0,4,0,49,11,4,718,18.89,0,15,0,0,12,1,53,42,0,0,0,0,0,0,0,5,15,0,0,0.29,2,9,0,5,0,71,31,44%,4,7,9
Cauley  Woodrow ,24,3,15,0,0,0,0,0,0,0,0,0,0,0,0,2,0,8,1,1,139,5.79,0,16,0,0,5,1,13,9,0,0,0,0,0,0,0,2,10,0,0,0.04,1,0,0,0,0,16,4,25%,1,0,2
Elijah  Adebayo ,27,5,16,0,0,0,0,0,0,0,0,0,0,0,0,1,0,27,10,0,197,7.30,0,4,0,0,7,6,25,24,0,0,0,0,0,0,0,0,5,0,0,0.37,4,5,1,0,0,31,14,45%,2,4,13
Chiedozie  Ogbene ,30,5,18,0,0,0,0,0,0,0,0,0,0,0,0,1,0,8,4,1,627,20.90,0,17,0,0,17,7,31,17,0,0,0,0,0,0,0,5,79,0,0,0.13,1,3,0,0,0,35,14,40%,1,1,8
Jacob  Brown ,19,4,11,0,0,0,0,0,0,0,0,0,0,0,0,4,0,19,2,0,229,12.05,0,19,0,0,10,8,17,12,0,0,0,0,0,0,0,1,10,0,0,0.11,0,1,1,0,0,26,7,27%,2,3,6
Taylan  Harris ,0,0,0,0,0,0,0,0,0,0,0,0,0,0,0,0,0,0,0,0,0,0.00,0,0,0,0,0,0,0,0,0,0,0,0,0,0,0,0,0,0,0,0.00,0,0,0,0,0,0,0,0%,0,0,0
Stefan  Ortega ,9,7,0,20,0,1,6,0,0,24,19,1,7,0,0,0,0,0,0,0,242,26.89,36,0,0,0,0,0,0,0,0,0,0,0,0,0,0,0,0,0,0,0,0,0,0,0,0,0,0,0,0,0,0
 Ederson ,33,24,3,57,0,6,22,0,0,137,114,10,27,0,0,5,0,2,0,0,"1,097",33.24,185,0,0,0,0,0,0,0,0,0,0,0,0,0,0,0,0,0,0,0,0,0,0,0,0,0,0,0,0,0,0
Scott  Carson ,0,0,0,0,0,0,0,0,0,0,0,0,0,0,0,0,0,0,0,0,0,0.00,0,0,0,0,0,0,0,0,0,0,0,0,0,0,0,0,0,0,0,0,0,0,0,0,0,0,0,0,0,0,0
True  Grant ,0,0,0,0,0,0,0,0,0,0,0,0,0,0,0,0,0,0,0,0,0,0.00,0,0,0,0,0,0,0,0,0,0,0,0,0,0,0,0,0,0,0,0,0,0,0,0,0,0,0,0,0,0,0
Kyle  Walker ,32,23,3,0,0,0,0,0,0,0,0,6,29,0,0,2,0,23,0,4,"2,136",66.75,78,38,63%,1,7,27,35,18,0,152,102,81,21,26,15,7,59,32%,6,0,0,0,0,0,0,0,0,0,0,0,7
Rúben  Dias ,30,21,3,0,0,0,0,0,0,0,0,9,28,0,1,0,0,23,0,0,"2,608",86.93,84,39,51%,0,6,30,75,32,2,108,101,79,0,47,43,1,13,31%,2,0,0,0,0,0,0,0,0,0,1,0,0
John  Stones ,16,12,2,0,0,0,0,0,0,0,0,4,9,0,0,2,0,4,1,0,831,51.94,25,2,50%,0,2,10,20,8,0,46,22,22,1,14,5,0,5,0%,0,0,0,1,0,0,0,0,0,0,0,0,0
Nathan  Aké ,29,21,2,0,0,0,0,0,0,0,0,5,20,0,0,0,0,10,2,2,"1,770",61.03,19,26,62%,0,8,14,52,29,0,119,95,49,5,47,28,3,11,9%,1,0,2,0,0,0,0,0,0,0,0,0,0
Manuel  Akanji ,30,22,2,0,0,0,0,0,0,0,0,11,23,0,0,2,1,17,2,0,"2,296",76.53,81,42,67%,1,4,23,61,33,0,142,90,72,2,28,30,0,9,22%,4,0,1,0,0,0,0,0,0,0,0,0,0
Rico  Lewis ,16,11,2,0,0,0,0,0,0,0,0,0,9,0,0,1,0,7,2,0,533,33.31,8,10,70%,0,0,4,3,1,0,42,34,32,4,0,6,4,1,0%,1,0,0,2,0,0,0,0,0,0,0,0,0
Josh  Wilson-Esbrand ,0,0,0,0,0,0,0,0,0,0,0,0,0,0,0,0,0,0,0,0,0,0.00,0,0,0%,0,0,0,0,0,0,0,0,0,0,0,0,0,0,0%,0,0,0,0,0,0,0,0,0,0,0,0,0
Josko  Gvardiol ,28,22,2,0,0,0,0,0,0,0,0,9,23,1,0,3,0,20,4,1,"1,732",61.86,41,55,60%,0,6,27,26,13,0,150,134,89,26,31,24,2,33,12%,3,0,1,3,0,0,0,0,0,0,0,0,2
Max  Alleyne ,0,0,0,0,0,0,0,0,0,0,0,0,0,0,0,0,0,0,0,0,0,0.00,0,0,0%,0,0,0,0,0,0,0,0,0,0,0,0,0,0,0%,0,0,0,0,0,0,0,0,0,0,0,0,0
Jack  Grealish ,20,15,1,0,0,0,0,0,0,0,0,0,0,0,0,7,0,6,3,1,552,27.60,12,13,62%,0,12,6,4,3,0,42,75,48,18,4,4,3,16,25%,3,0.15,0,2,1,0,0,22,5,23%,0,0,2
 Rodri ,34,27,0,0,0,0,0,0,0,0,0,0,0,1,0,8,1,41,8,9,"3,633",106.85,241,70,61%,0,16,26,40,27,0,235,201,139,42,55,23,8,12,0%,15,0.24,0,5,3,0,0,62,22,35%,0,2,6
Kevin  De Bruyne ,18,15,0,0,0,0,0,0,0,0,0,0,0,0,0,2,0,11,4,10,804,44.67,22,14,64%,0,14,4,4,3,0,54,43,70,10,6,5,21,136,26%,11,0.22,1,2,1,0,0,44,17,39%,0,1,1
Bernardo  Silva ,33,24,2,0,0,0,0,0,0,0,0,0,0,0,0,8,0,22,6,9,"1,824",55.27,59,51,45%,0,8,17,12,3,0,102,117,118,38,2,9,13,83,20%,2,0.18,0,1,5,0,0,34,15,44%,1,3,3
Sergio  Gómez ,6,6,0,0,0,0,0,0,0,0,0,0,0,0,0,0,0,2,0,1,49,8.17,0,1,0%,0,1,1,0,0,0,1,3,4,2,0,1,0,4,25%,1,0.00,0,0,0,0,0,2,0,0%,1,0,1
Phil  Foden ,35,25,3,0,0,0,0,0,0,0,0,0,0,0,0,2,0,14,19,8,"1,670",47.71,42,31,65%,0,41,13,16,7,0,127,144,143,47,6,17,10,89,21%,15,0.54,1,1,17,0,2,105,48,46%,1,7,5
Mateo  Kovacic ,30,23,3,0,0,0,0,0,0,0,0,0,0,0,0,4,0,17,1,0,"1,523",50.77,20,36,69%,0,11,10,10,4,0,72,75,62,20,4,4,3,0,0%,4,0.03,0,1,0,0,0,22,5,23%,0,1,0
James  McAtee ,31,4,21,0,0,0,0,0,0,0,0,0,0,0,0,2,0,15,3,3,489,15.77,7,32,66%,0,8,11,15,4,0,96,104,156,33,12,31,4,36,25%,6,0.10,0,1,2,1,0,26,9,35%,0,2,1
Oscar  Bobb ,14,12,2,0,0,0,0,0,0,0,0,0,0,0,0,0,0,2,1,1,168,12.00,0,7,43%,0,1,5,1,0,0,17,22,17,11,1,2,2,5,60%,3,0.07,0,1,0,0,0,4,2,50%,0,1,0
Matheus  Nunes ,19,14,5,0,0,0,0,0,0,0,0,0,0,1,0,0,1,9,0,2,522,27.47,4,13,38%,0,2,7,9,6,0,40,63,66,20,7,9,2,22,32%,1,0.00,0,0,0,0,0,10,4,40%,1,2,5
Micah  Hamilton ,0,0,0,0,0,0,0,0,0,0,0,0,0,0,0,0,0,0,0,0,0,0.00,0,0,0%,0,0,0,0,0,0,0,0,0,0,0,0,0,0,0%,0,0.00,0,0,0,0,0,0,0,0%,0,0,0
Mahamadou  Susoho ,0,0,0,0,0,0,0,0,0,0,0,0,0,0,0,0,0,0,0,0,0,0.00,0,0,0%,0,0,0,0,0,0,0,0,0,0,0,0,0,0,0%,0,0.00,0,0,0,0,0,0,0,0%,0,0,0
Jacob  Wright ,0,0,0,0,0,0,0,0,0,0,0,0,0,0,0,0,0,0,0,0,0,0.00,0,0,0%,0,0,0,0,0,0,0,0,0,0,0,0,0,0,0%,0,0.00,0,0,0,0,0,0,0,0%,0,0,0
Erling  Haaland ,31,22,3,0,0,0,0,0,0,0,0,0,0,0,0,1,0,18,27,5,381,12.29,0,6,0,0,23,2,16,14,0,0,0,0,0,0,0,6,5,0,0,0.87,4,2,20,7,0,121,59,49%,2,34,6
Julián  Álvarez ,36,27,3,0,0,0,0,0,0,0,0,0,0,0,0,2,0,23,11,9,"1,110",30.83,0,24,0,0,23,2,13,7,0,0,0,0,0,0,0,7,137,0,0,0.31,1,8,2,2,1,98,40,41%,2,10,2
Jérémy  Doku ,29,21,2,0,0,0,0,0,0,0,0,0,0,0,0,3,0,15,3,8,786,27.10,0,39,0,0,22,9,2,1,0,0,0,0,0,0,0,5,61,0,0,0.10,0,3,0,0,0,55,19,35%,2,1,5
Tom  Heaton ,0,0,0,0,0,0,0,0,0,0,0,0,0,0,0,0,0,0,0,0,0,0.00,0,0,0,0,0,0,0,0,0,0,0,0,0,0,0,0,0,0,0,0,0,0,0,0,0,0,0,0,0,0,0
André  Onana ,38,18,14,149,0,13,37,5,0,140,162,9,58,1,0,5,0,1,0,0,"1,373",36.13,206,0,0,0,0,0,0,0,0,0,0,0,0,0,0,0,0,0,0,0,0,0,0,0,0,0,0,0,0,0,0
Altay  Bayindir ,0,0,0,0,0,0,0,0,0,0,0,0,0,0,0,0,0,0,0,0,0,0.00,0,0,0,0,0,0,0,0,0,0,0,0,0,0,0,0,0,0,0,0,0,0,0,0,0,0,0,0,0,0,0
Victor  Lindelöf ,19,12,6,0,0,0,0,0,0,0,0,4,16,0,0,2,0,15,1,1,876,46.11,26,15,67%,0,0,12,38,24,0,75,35,50,1,17,26,0,1,0%,2,0,0,1,0,0,0,0,0,0,0,0,3
Harry  Maguire ,22,11,7,0,0,0,0,0,0,0,0,4,29,0,0,4,0,21,2,2,"1,096",49.82,73,24,71%,0,5,25,83,54,0,78,103,53,0,69,19,2,3,33%,0,0,1,0,1,0,0,0,0,0,0,0,6
Lisandro  Martínez ,11,6,3,0,0,0,0,0,0,0,0,0,12,0,1,3,0,6,0,1,442,40.18,10,12,67%,0,0,5,23,8,1,33,21,22,2,4,5,0,2,0%,1,0,0,0,0,0,0,0,0,0,0,0,0
Tyrell  Malacia ,0,0,0,0,0,0,0,0,0,0,0,0,0,0,0,0,0,0,0,0,0,0.00,0,0,0%,0,0,0,0,0,0,0,0,0,0,0,0,0,0,0%,0,0,0,0,0,0,0,0,0,0,0,0,0
Raphaël  Varane ,22,13,6,0,0,0,0,0,0,0,0,3,23,0,0,2,0,8,1,0,774,35.18,29,18,61%,1,2,15,86,42,0,67,43,20,1,21,5,0,0,0%,1,0,1,0,0,0,0,0,0,0,0,0,2
Diogo  Dalot ,36,17,13,0,0,0,0,0,0,0,0,7,55,0,0,4,1,45,2,3,"1,492",41.44,77,81,63%,0,10,37,96,46,3,195,158,120,31,32,26,5,80,30%,1,0,0,2,0,0,0,0,0,0,2,0,2
Luke  Shaw ,12,7,4,0,0,0,0,0,0,0,0,2,13,0,0,6,0,14,0,0,551,45.92,16,11,73%,0,0,6,37,19,0,59,34,39,7,13,10,1,33,27%,2,0,0,0,0,0,0,0,0,0,0,0,0
Aaron  Wan-Bissaka ,22,8,9,0,0,0,0,0,0,0,0,3,34,0,0,4,0,17,0,2,832,37.82,13,42,60%,1,2,41,54,22,0,94,89,61,17,21,19,1,14,29%,0,0,0,0,0,0,0,0,0,0,0,0,0
Jonny  Evans ,23,12,9,0,0,0,0,0,0,0,0,2,24,0,0,2,0,17,0,1,826,35.91,17,22,64%,0,0,23,74,32,1,70,75,49,4,36,18,1,0,0%,1,0,0,0,0,0,0,0,0,0,0,0,0
Habeeb  Ogunneye ,0,0,0,0,0,0,0,0,0,0,0,0,0,0,0,0,0,0,0,0,0,0.00,0,0,0%,0,0,0,0,0,0,0,0,0,0,0,0,0,0,0%,0,0,0,0,0,0,0,0,0,0,0,0,0
Harry  Amass ,0,0,0,0,0,0,0,0,0,0,0,0,0,0,0,0,0,0,0,0,0,0.00,0,0,0%,0,0,0,0,0,0,0,0,0,0,0,0,0,0,0%,0,0,0,0,0,0,0,0,0,0,0,0,0
Louis  Jackson ,0,0,0,0,0,0,0,0,0,0,0,0,0,0,0,0,0,0,0,0,0,0.00,0,0,0%,0,0,0,0,0,0,0,0,0,0,0,0,0,0,0%,0,0,0,0,0,0,0,0,0,0,0,0,0
Bruno  Fernandes ,35,18,12,0,0,0,0,0,0,0,0,0,0,0,0,9,0,41,10,8,"1,911",54.60,152,68,56%,0,27,27,47,24,0,200,136,180,19,21,27,21,223,23%,30,0.29,1,7,2,4,0,95,41,43%,3,7,13
Christian  Eriksen ,22,10,10,0,0,0,0,0,0,0,0,0,0,0,0,1,0,7,1,2,754,34.27,33,18,72%,0,5,4,12,8,0,86,25,52,3,2,7,3,43,26%,5,0.05,0,1,0,0,0,13,4,31%,0,0,1
 Casemiro ,25,12,9,0,0,0,0,0,0,0,0,0,0,1,0,7,0,30,1,2,"1,406",56.24,79,83,67%,0,11,18,66,43,0,133,144,132,9,42,23,2,13,23%,4,0.04,0,1,0,0,0,39,9,23%,0,4,6
Scott  McTominay ,32,18,10,0,0,0,0,0,0,0,0,0,0,0,0,2,0,29,7,1,643,20.09,18,49,51%,0,11,14,54,32,0,91,114,115,8,38,44,2,4,0%,2,0.22,4,2,1,0,0,44,19,43%,0,6,6
Kobbie  Mainoo ,24,10,8,0,0,0,0,0,0,0,0,0,0,1,0,3,0,15,3,1,862,35.92,21,47,57%,0,3,22,27,15,0,96,120,109,31,19,26,0,6,17%,8,0.13,0,3,0,0,0,11,5,45%,0,0,0
Mason  Mount ,14,5,5,0,0,0,0,0,0,0,0,0,0,0,0,2,0,10,1,0,203,14.50,6,22,64%,0,3,6,3,1,0,37,41,41,4,6,9,0,14,29%,1,0.07,0,0,1,0,0,5,1,20%,0,0,0
Toby  Collyer ,0,0,0,0,0,0,0,0,0,0,0,0,0,0,0,0,0,0,0,0,0,0.00,0,0,0%,0,0,0,0,0,0,0,0,0,0,0,0,0,0,0%,0,0.00,0,0,0,0,0,0,0,0%,0,0,0
Omari  Forson ,4,1,3,0,0,0,0,0,0,0,0,0,0,0,0,0,0,1,0,1,33,8.25,0,2,0%,0,1,0,0,0,0,2,3,4,1,0,2,1,0,0%,0,0.00,0,0,0,0,0,1,0,0%,0,0,0
Sofyan  Amrabat ,21,11,7,0,0,0,0,0,0,0,0,0,0,1,0,6,0,24,0,0,645,30.71,35,27,59%,0,1,8,19,9,0,60,48,56,6,5,6,0,7,14%,0,0.00,0,0,0,0,0,3,0,0%,1,0,0
Anthony  Martial ,13,6,7,0,0,0,0,0,0,0,0,0,0,0,0,0,0,3,1,0,137,10.54,0,4,0,0,1,0,3,2,0,0,0,0,0,0,0,0,0,0,0,0.08,0,1,0,0,0,6,4,67%,0,0,3
Marcus  Rashford ,33,16,12,0,0,0,0,0,0,0,0,0,0,0,0,2,0,13,7,2,683,20.70,0,19,0,0,23,4,20,13,0,0,0,0,0,0,0,6,35,0,0,0.21,0,7,0,2,0,62,21,34%,2,7,12
 Antony ,29,12,12,0,0,0,0,0,0,0,0,0,0,0,0,5,0,19,1,1,561,19.34,0,40,0,0,17,12,8,4,0,0,0,0,0,0,0,7,16,0,0,0.03,0,0,1,0,0,43,16,37%,1,4,2
Alejandro  Garnacho ,36,16,14,0,0,0,0,0,0,0,0,0,0,0,0,4,0,20,7,4,834,23.17,0,22,0,0,40,18,12,3,0,0,0,0,0,0,0,6,58,0,0,0.19,1,3,3,0,0,100,28,28%,0,7,15
Amad  Diallo ,9,3,4,0,0,0,0,0,0,0,0,0,0,0,0,1,0,5,1,1,167,18.56,0,10,0,0,3,1,6,3,0,0,0,0,0,0,0,1,1,0,0,0.11,0,0,1,0,0,10,4,40%,0,0,0
Shola  Shoretire ,0,0,0,0,0,0,0,0,0,0,0,0,0,0,0,0,0,0,0,0,0,0.00,0,0,0,0,0,0,0,0,0,0,0,0,0,0,0,0,0,0,0,0.00,0,0,0,0,0,0,0,0%,0,0,0
Rasmus  Højlund ,30,14,10,0,0,0,0,0,0,0,0,0,0,0,0,2,0,20,10,2,391,13.03,0,11,0,0,5,1,19,12,0,0,0,0,0,0,0,0,6,0,0,0.33,0,4,5,0,0,38,21,55%,0,13,15
Ethan  Wheatley ,3,1,2,0,0,0,0,0,0,0,0,0,0,0,0,0,0,3,0,0,0,0.00,0,1,0,0,0,2,0,0,0,0,0,0,0,0,0,0,0,0,0,0.00,0,0,0,0,0,0,0,0%,0,0,0
Martin  Dúbravka ,23,10,9,88,1,8,18,7,0,143,169,4,42,1,0,1,0,2,0,0,506,22.00,71,0,0,0,0,0,0,0,0,0,0,0,0,0,0,0,0,0,0,0,0,0,0,0,0,0,0,0,0,0,0
Loris  Karius ,1,0,1,4,0,0,1,0,0,5,9,0,4,0,0,0,0,0,0,0,31,31.00,3,0,0,0,0,0,0,0,0,0,0,0,0,0,0,0,0,0,0,0,0,0,0,0,0,0,0,0,0,0,0
Nick  Pope ,15,9,4,43,0,10,9,2,0,88,95,5,16,1,0,1,0,0,0,0,311,20.73,46,0,0,0,0,0,0,0,0,0,0,0,0,0,0,0,0,0,0,0,0,0,0,0,0,0,0,0,0,0,0
Mark  Gillespie ,0,0,0,0,0,0,0,0,0,0,0,0,0,0,0,0,0,0,0,0,0,0.00,0,0,0,0,0,0,0,0,0,0,0,0,0,0,0,0,0,0,0,0,0,0,0,0,0,0,0,0,0,0,0
Aidan  Harris ,0,0,0,0,0,0,0,0,0,0,0,0,0,0,0,0,0,0,0,0,0,0.00,0,0,0,0,0,0,0,0,0,0,0,0,0,0,0,0,0,0,0,0,0,0,0,0,0,0,0,0,0,0,0
Adam  Harrison ,0,0,0,0,0,0,0,0,0,0,0,0,0,0,0,0,0,0,0,0,0,0.00,0,0,0,0,0,0,0,0,0,0,0,0,0,0,0,0,0,0,0,0,0,0,0,0,0,0,0,0,0,0,0
Kieran  Trippier ,28,12,11,0,0,0,0,0,0,0,0,4,43,2,0,5,0,27,1,10,"1,714",61.21,79,57,47%,1,2,24,47,31,0,162,125,99,16,31,17,13,212,33%,1,0,0,0,1,0,0,0,0,0,2,0,3
Paul  Dummett ,5,4,0,0,0,0,0,0,0,0,0,0,1,0,0,0,0,1,0,0,22,4.40,0,1,0%,0,0,0,1,1,0,0,2,1,0,1,0,0,0,0%,0,0,0,0,0,0,0,0,0,0,0,0,0
Sven  Botman ,17,7,8,0,0,0,0,0,0,0,0,3,29,2,1,2,0,9,2,2,"1,015",59.71,44,20,65%,2,2,9,58,24,1,70,56,35,0,34,17,2,0,0%,0,0,2,0,0,0,0,0,0,0,0,0,1
Fabian  Schär ,36,17,14,0,0,0,0,0,0,0,0,8,58,0,0,5,0,38,4,1,"2,106",58.50,185,42,57%,1,12,36,131,50,1,174,150,149,13,70,72,2,8,38%,6,0,1,3,0,0,0,0,0,0,0,0,0
Jamaal  Lascelles ,16,7,7,0,0,0,0,0,0,0,0,5,15,0,0,4,0,17,1,0,769,48.06,14,14,64%,0,1,5,42,26,0,53,64,51,1,47,26,0,1,0%,0,0,1,0,0,0,0,0,0,0,0,0,1
Matt  Targett ,3,0,2,0,0,0,0,0,0,0,0,0,4,0,0,1,0,0,0,0,38,12.67,1,2,0%,0,0,0,2,0,0,5,4,4,0,0,3,0,0,0%,0,0,0,0,0,0,0,0,0,0,0,0,0
Emil  Krafth ,17,9,6,0,0,0,0,0,0,0,0,2,15,0,0,2,0,10,0,0,509,29.94,6,21,67%,0,2,9,18,10,0,44,44,43,3,13,15,2,17,47%,0,0,0,0,0,0,0,0,0,0,1,0,0
Harrison  Ashby ,0,0,0,0,0,0,0,0,0,0,0,0,0,0,0,0,0,0,0,0,0,0.00,0,0,0%,0,0,0,0,0,0,0,0,0,0,0,0,0,0,0%,0,0,0,0,0,0,0,0,0,0,0,0,0
Dan  Burn ,33,16,11,0,0,0,0,0,0,0,0,7,45,0,0,4,0,32,2,2,"1,500",45.45,25,61,54%,0,6,37,119,59,3,124,177,126,4,103,49,3,11,36%,1,0,1,0,1,0,0,0,0,0,0,0,4
Alex  Murphy ,2,2,0,0,0,0,0,0,0,0,0,0,0,0,0,0,0,2,0,0,17,8.50,0,1,100%,0,0,1,0,0,0,2,1,3,0,0,0,0,0,0%,0,0,0,0,0,0,0,0,0,0,0,0,0
Tino  Livramento ,26,14,9,0,0,0,0,0,0,0,0,1,27,0,0,1,0,3,1,0,675,25.96,13,23,57%,0,2,25,37,17,1,85,80,48,17,12,8,1,26,19%,0,0,0,1,0,0,0,0,0,0,0,0,1
Lewis  Hall ,18,8,8,0,0,0,0,0,0,0,0,0,12,0,0,2,0,5,1,0,468,26.00,27,28,64%,0,6,12,17,8,0,56,52,47,9,10,11,0,23,17%,0,0,0,0,1,0,0,0,0,0,0,0,0
Matt  Ritchie ,13,8,4,0,0,0,0,0,0,0,0,0,0,0,0,1,0,2,1,0,86,6.62,0,5,60%,0,0,1,5,5,0,5,6,9,0,0,3,0,7,0%,0,0.08,0,1,0,0,0,6,4,67%,0,1,0
Jacob  Murphy ,21,12,4,0,0,0,0,0,0,0,0,0,0,0,0,1,0,7,3,7,421,20.05,7,20,50%,0,9,6,13,8,0,66,52,58,13,4,10,10,77,22%,10,0.14,0,3,0,0,0,30,10,33%,0,3,1
Miguel  Almirón ,33,15,13,0,0,0,0,0,0,0,0,0,0,0,0,2,0,16,3,1,767,23.24,13,36,67%,0,9,10,12,6,0,97,87,89,23,6,7,6,24,17%,5,0.09,0,0,3,0,0,41,12,29%,2,4,10
Joe  Willock ,9,4,3,0,0,0,0,0,0,0,0,0,0,0,0,0,0,3,1,0,153,17.00,9,13,54%,0,1,1,1,1,0,26,24,28,7,1,1,0,6,17%,1,0.11,1,0,0,0,0,7,4,57%,0,1,1
Sean  Longstaff ,35,16,13,0,0,0,0,0,0,0,0,0,0,0,0,7,0,24,6,2,"1,209",34.54,44,54,56%,0,14,17,22,16,0,120,117,130,11,19,22,5,25,32%,8,0.17,0,5,1,0,0,41,15,37%,0,7,2
Bruno  Guimarães ,37,18,13,0,0,0,0,0,0,0,0,0,0,0,0,9,0,50,7,8,"2,264",61.19,129,88,60%,0,16,35,19,8,0,237,286,218,72,18,24,12,32,38%,26,0.19,1,5,1,0,0,48,16,33%,1,2,0
Isaac  Hayden ,0,0,0,0,0,0,0,0,0,0,0,0,0,0,0,0,0,0,0,0,0,0.00,0,0,0%,0,0,0,0,0,0,0,0,0,0,0,0,0,0,0%,0,0.00,0,0,0,0,0,0,0,0%,0,0,0
Sandro  Tonali ,8,4,3,0,0,0,0,0,0,0,0,0,0,0,0,2,0,9,1,0,267,33.38,7,7,100%,0,1,2,4,2,0,20,17,19,3,1,0,0,11,36%,0,0.13,0,1,0,0,0,3,2,67%,0,1,0
Jay  Turner-Cooke ,0,0,0,0,0,0,0,0,0,0,0,0,0,0,0,0,0,0,0,0,0,0.00,0,0,0%,0,0,0,0,0,0,0,0,0,0,0,0,0,0,0%,0,0.00,0,0,0,0,0,0,0,0%,0,0,0
Harvey  Barnes ,21,11,6,0,0,0,0,0,0,0,0,0,0,0,0,2,0,5,5,3,254,12.10,3,6,17%,0,9,5,2,2,0,43,38,43,7,4,8,8,12,25%,1,0.24,1,3,1,0,0,27,12,44%,0,2,2
James  Huntley ,0,0,0,0,0,0,0,0,0,0,0,0,0,0,0,0,0,0,0,0,0,0.00,0,0,0%,0,0,0,0,0,0,0,0,0,0,0,0,0,0,0%,0,0.00,0,0,0,0,0,0,0,0%,0,0,0
Elliot  Anderson ,21,12,6,0,0,0,0,0,0,0,0,0,0,0,0,3,0,21,0,2,416,19.81,4,24,75%,0,5,8,20,11,0,60,83,87,21,19,14,2,19,16%,4,0.00,0,0,0,0,0,19,5,26%,0,1,1
Lewis  Miley ,17,6,9,0,0,0,0,0,0,0,0,0,0,0,0,1,0,5,1,3,524,30.82,18,33,64%,0,7,8,16,5,0,78,58,52,8,11,12,3,11,18%,4,0.06,0,1,0,0,0,13,3,23%,0,1,2
Travis  Hernes ,0,0,0,0,0,0,0,0,0,0,0,0,0,0,0,0,0,0,0,0,0,0.00,0,0,0%,0,0,0,0,0,0,0,0,0,0,0,0,0,0,0%,0,0.00,0,0,0,0,0,0,0,0%,0,0,0
Joe  White ,4,1,2,0,0,0,0,0,0,0,0,0,0,0,0,1,0,2,0,0,12,3.00,1,1,100%,0,0,0,0,0,0,2,1,4,0,0,3,0,0,0%,0,0.00,0,0,0,0,0,0,0,0%,0,0,0
Lucas  De Bolle ,0,0,0,0,0,0,0,0,0,0,0,0,0,0,0,0,0,0,0,0,0,0.00,0,0,0%,0,0,0,0,0,0,0,0,0,0,0,0,0,0,0%,0,0.00,0,0,0,0,0,0,0,0%,0,0,0
 Joelinton ,20,9,9,0,0,0,0,0,0,0,0,0,0,0,0,6,0,28,2,1,616,30.80,0,39,0,0,4,19,10,9,0,0,0,0,0,0,0,5,2,0,0,0.10,0,2,0,0,0,19,9,47%,1,3,0
Anthony  Gordon ,35,17,14,0,0,0,0,0,0,0,0,0,0,0,0,10,1,38,11,10,922,26.34,0,55,0,0,26,7,4,2,0,0,0,0,0,0,0,16,111,0,0,0.31,0,10,1,1,0,81,31,38%,3,9,8
Callum  Wilson ,20,10,7,0,0,0,0,0,0,0,0,0,0,0,0,3,0,16,9,1,158,7.90,0,5,0,0,5,2,4,2,0,0,0,0,0,0,0,2,3,0,0,0.45,1,7,1,2,0,35,21,60%,1,6,4
Alexander  Isak ,30,14,13,0,0,0,0,0,0,0,0,0,0,0,0,1,0,14,21,2,474,15.80,0,5,0,0,14,6,12,5,0,0,0,0,0,0,0,5,10,0,0,0.70,1,19,1,5,0,78,43,55%,2,21,17
Garang  Kuol ,0,0,0,0,0,0,0,0,0,0,0,0,0,0,0,0,0,0,0,0,0,0.00,0,0,0,0,0,0,0,0,0,0,0,0,0,0,0,0,0,0,0,0.00,0,0,0,0,0,0,0,0%,0,0,0
Ben  Parkinson ,1,0,1,0,0,0,0,0,0,0,0,0,0,0,0,0,0,0,0,0,3,3.00,0,0,0,0,0,0,1,1,0,0,0,0,0,0,0,0,0,0,0,0.00,0,0,0,0,0,0,0,0%,0,0,1
Amadou  Diallo ,1,1,0,0,0,0,0,0,0,0,0,0,0,0,0,0,0,0,0,0,1,1.00,0,0,0,0,0,0,0,0,0,0,0,0,0,0,0,0,0,0,0,0.00,0,0,0,0,0,0,0,0%,0,0,0
Michael  Ndiweni ,1,1,0,0,0,0,0,0,0,0,0,0,0,0,0,0,0,0,0,0,2,2.00,0,0,0,0,0,0,0,0,0,0,0,0,0,0,0,0,0,0,0,0.00,0,0,0,0,0,0,0,0%,0,0,0
Wayne  Hennessey ,0,0,0,0,0,0,0,0,0,0,0,0,0,0,0,0,0,0,0,0,0,0.00,0,0,0,0,0,0,0,0,0,0,0,0,0,0,0,0,0,0,0,0,0,0,0,0,0,0,0,0,0,0,0
Matt  Turner ,17,4,8,55,0,5,28,2,0,99,136,2,28,3,0,2,0,0,0,0,473,27.82,138,0,0,0,0,0,0,0,0,0,0,0,0,0,0,0,0,0,0,0,0,0,0,0,0,0,0,0,0,0,0
Odysseas  Vlachodimos ,5,1,4,10,0,4,2,0,0,21,44,1,12,0,0,0,0,0,0,0,153,30.60,33,0,0,0,0,0,0,0,0,0,0,0,0,0,0,0,0,0,0,0,0,0,0,0,0,0,0,0,0,0,0
Matz  Sels ,16,4,8,38,0,6,11,1,0,51,93,1,27,1,0,1,0,0,0,0,325,20.31,85,0,0,0,0,0,0,0,0,0,0,0,0,0,0,0,0,0,0,0,0,0,0,0,0,0,0,0,0,0,0
Neco  Williams ,26,6,14,0,0,0,0,0,0,0,0,1,33,0,0,4,0,23,0,1,597,22.96,21,69,58%,0,7,22,43,26,1,107,149,106,19,31,21,1,68,18%,0,0,0,0,0,0,0,0,0,0,3,0,4
Harry  Toffolo ,23,5,12,0,0,0,0,0,0,0,0,1,29,0,0,3,0,17,1,3,446,19.39,17,26,54%,0,1,14,44,21,0,57,54,48,1,25,15,3,47,34%,0,0,1,0,0,0,0,0,0,0,0,0,0
Moussa  Niakhaté ,21,6,13,0,0,0,0,0,0,0,0,1,35,0,0,3,1,11,1,0,688,32.76,31,42,60%,0,2,14,49,23,1,98,64,24,3,16,5,0,11,9%,0,0,0,0,0,0,0,0,0,0,0,0,0
Willy-Arnaud  Boly ,20,5,10,0,0,0,0,0,0,0,0,2,23,0,0,1,1,20,2,1,611,30.55,31,46,63%,0,2,25,86,41,1,86,108,69,3,57,27,4,1,0%,1,0,2,0,0,0,0,0,0,0,0,0,1
 Felipe ,7,1,3,0,0,0,0,0,0,0,0,1,10,0,0,4,0,10,0,0,213,30.43,13,12,75%,0,2,4,11,6,0,20,29,21,1,14,6,0,0,0%,0,0,0,0,0,0,0,0,0,0,1,0,0
Zach  Abbott ,0,0,0,0,0,0,0,0,0,0,0,0,0,0,0,0,0,0,0,0,0,0.00,0,0,0%,0,0,0,0,0,0,0,0,0,0,0,0,0,0,0%,0,0,0,0,0,0,0,0,0,0,0,0,0
Ola  Aina ,22,6,12,0,0,0,0,0,0,0,0,0,39,0,0,3,0,18,1,1,633,28.77,20,47,66%,0,5,18,41,22,0,97,115,66,27,17,12,0,28,25%,2,0,0,1,0,0,0,0,0,0,0,0,2
Gonzalo  Montiel ,14,5,6,0,0,0,0,0,0,0,0,0,11,1,0,5,0,6,0,2,318,22.71,14,22,86%,0,2,9,30,20,0,42,36,30,1,12,9,4,16,6%,1,0,0,0,0,0,0,0,0,0,0,0,2
 Murillo ,32,7,17,0,0,0,0,0,0,0,0,3,56,0,1,5,0,38,0,2,"1,444",45.13,117,50,62%,3,1,37,185,78,3,146,115,121,20,38,40,2,4,25%,6,0,0,0,0,0,0,0,0,0,1,0,0
Nuno  Tavares ,8,2,3,0,0,0,0,0,0,0,0,1,9,0,0,2,0,8,0,0,218,27.25,5,11,64%,0,0,1,15,9,0,33,22,18,6,3,2,0,16,13%,0,0,0,0,0,0,0,0,0,0,0,0,0
Andrew  Omobamidele ,11,2,7,0,0,0,0,0,0,0,0,0,15,1,1,2,0,6,0,0,309,28.09,13,10,30%,0,1,13,42,24,1,21,20,19,0,8,10,0,0,0%,0,0,0,0,0,0,0,0,0,0,0,0,0
Morgan  Gibbs-White ,37,9,19,0,0,0,0,0,0,0,0,0,0,0,0,9,0,37,5,10,"1,282",34.65,72,36,67%,0,25,17,18,10,0,179,197,222,44,61,70,16,182,30%,17,0.14,1,4,0,1,0,71,15,21%,2,5,6
Cheikhou  Kouyaté ,12,4,4,0,0,0,0,0,0,0,0,0,0,0,0,2,0,6,0,0,73,6.08,0,8,63%,0,0,2,9,6,0,14,21,21,1,10,10,0,0,0%,0,0.00,0,0,0,0,0,5,1,20%,0,1,0
Ryan  Yates ,35,9,18,0,0,0,0,0,0,0,0,0,0,0,0,6,0,54,1,1,817,23.34,29,66,59%,0,11,21,39,11,0,110,168,119,4,43,38,2,6,17%,2,0.03,0,1,0,0,0,32,7,22%,1,2,2
 Danilo ,29,9,17,0,0,0,0,0,0,0,0,0,0,0,0,4,0,13,2,2,725,25.00,45,36,50%,0,7,35,41,10,0,118,76,69,17,15,10,2,26,15%,4,0.07,0,1,1,0,0,23,7,30%,0,1,2
Ibrahim  Sangaré ,17,3,8,0,0,0,0,0,0,0,0,0,0,0,0,6,0,22,0,0,419,24.65,23,42,55%,0,3,16,19,8,0,70,65,69,6,9,16,0,2,0%,3,0.00,0,0,0,0,0,8,0,0%,0,1,2
Nicolás  Domínguez ,26,6,14,0,0,0,0,0,0,0,0,0,0,0,0,4,0,26,2,2,829,31.88,27,63,54%,0,8,18,23,11,0,108,107,85,7,21,19,2,6,33%,2,0.08,1,1,0,0,0,22,6,27%,0,1,2
Jamie  McDonnell ,0,0,0,0,0,0,0,0,0,0,0,0,0,0,0,0,0,0,0,0,0,0.00,0,0,0%,0,0,0,0,0,0,0,0,0,0,0,0,0,0,0%,0,0.00,0,0,0,0,0,0,0,0%,0,0,0
Giovanni  Reyna ,9,1,5,0,0,0,0,0,0,0,0,0,0,0,0,0,0,3,0,1,129,14.33,4,7,43%,0,1,2,0,0,0,14,19,23,3,7,9,0,8,25%,0,0.00,0,0,0,0,0,5,2,40%,0,0,0
Taiwo  Awoniyi ,20,6,11,0,0,0,0,0,0,0,0,0,0,0,0,2,0,9,6,3,172,8.60,0,9,0,0,3,1,9,9,0,0,0,0,0,0,0,2,1,0,0,0.30,1,3,2,0,0,22,11,50%,0,4,13
Detlef  Esapa Osong ,0,0,0,0,0,0,0,0,0,0,0,0,0,0,0,0,0,0,0,0,0,0.00,0,0,0,0,0,0,0,0,0,0,0,0,0,0,0,0,0,0,0,0.00,0,0,0,0,0,0,0,0%,0,0,0
Chris  Wood ,31,7,16,0,0,0,0,0,0,0,0,0,0,0,0,0,0,22,14,1,431,13.90,0,7,0,0,7,1,26,19,0,0,0,0,0,0,0,3,2,0,0,0.45,5,4,5,0,0,48,26,54%,2,12,7
Anthony  Elanga ,36,9,19,0,0,0,0,0,0,0,0,0,0,0,0,1,0,9,5,9,644,17.89,0,33,0,0,11,8,16,9,0,0,0,0,0,0,0,14,58,0,0,0.14,1,3,1,0,0,54,23,43%,3,10,19
Divock  Origi ,20,2,12,0,0,0,0,0,0,0,0,0,0,0,0,1,0,14,0,1,131,6.55,0,6,0,0,4,2,2,1,0,0,0,0,0,0,0,5,13,0,0,0.00,0,0,0,0,0,14,4,29%,0,4,5
Callum  Hudson-Odoi ,29,6,16,0,0,0,0,0,0,0,0,0,0,0,0,0,0,14,8,1,647,22.31,0,18,0,0,8,7,11,4,0,0,0,0,0,0,0,4,74,0,0,0.28,0,8,0,0,0,38,20,53%,2,2,9
Joe  Gardner ,0,0,0,0,0,0,0,0,0,0,0,0,0,0,0,0,0,0,0,0,0,0.00,0,0,0,0,0,0,0,0,0,0,0,0,0,0,0,0,0,0,0,0.00,0,0,0,0,0,0,0,0%,0,0,0
Rodrigo  Ribeiro ,4,1,1,0,0,0,0,0,0,0,0,0,0,0,0,0,0,1,0,0,8,2.00,0,0,0,0,0,1,0,0,0,0,0,0,0,0,0,0,0,0,0,0.00,0,0,0,0,0,0,0,0%,0,0,0
Adam  Davies ,0,0,0,0,0,0,0,0,0,0,0,0,0,0,0,0,0,0,0,0,0,0.00,0,0,0,0,0,0,0,0,0,0,0,0,0,0,0,0,0,0,0,0,0,0,0,0,0,0,0,0,0,0,0
Wes  Foderingham ,30,3,23,133,0,11,26,5,0,101,262,1,79,5,1,2,0,1,0,0,943,31.43,228,0,0,0,0,0,0,0,0,0,0,0,0,0,0,0,0,0,0,0,0,0,0,0,0,0,0,0,0,0,0
Jordan  Amissah ,0,0,0,0,0,0,0,0,0,0,0,0,0,0,0,0,0,0,0,0,0,0.00,0,0,0,0,0,0,0,0,0,0,0,0,0,0,0,0,0,0,0,0,0,0,0,0,0,0,0,0,0,0,0
Ivo  Grbic ,9,0,6,37,0,5,8,1,0,25,89,0,25,1,0,1,0,0,0,0,271,30.11,68,0,0,0,0,0,0,0,0,0,0,0,0,0,0,0,0,0,0,0,0,0,0,0,0,0,0,0,0,0,0
George  Baldock ,13,1,8,0,0,0,0,0,0,0,0,0,21,0,0,4,0,19,0,1,319,24.54,13,18,56%,0,0,10,30,16,0,44,51,54,6,15,13,1,18,22%,0,0,0,0,0,0,0,0,0,0,0,0,1
Chris  Basham ,8,0,7,0,0,0,0,0,0,0,0,0,6,0,0,1,0,3,0,0,122,15.25,4,7,29%,0,0,5,17,9,0,16,20,21,3,8,8,0,4,0%,0,0,0,0,0,0,0,0,0,0,0,0,2
John  Egan ,6,0,5,0,0,0,0,0,0,0,0,0,17,0,0,2,0,6,0,0,183,30.50,5,6,67%,0,1,13,39,10,0,21,21,21,0,14,9,0,0,0%,0,0,0,0,0,0,0,0,0,0,0,0,0
Max  Lowe ,10,2,7,0,0,0,0,0,0,0,0,0,12,0,0,1,0,7,0,1,107,10.70,4,21,48%,0,2,5,14,3,0,7,31,28,2,5,11,1,8,13%,0,0,0,0,0,0,0,0,0,0,0,0,1
Anel  Ahmedhodzic ,31,2,24,0,0,0,0,0,0,0,0,1,89,1,0,9,1,34,2,0,955,30.81,47,64,56%,2,4,34,134,42,0,106,139,108,11,51,36,1,6,17%,1,0,1,1,0,0,0,0,0,0,1,0,2
Jack  Robinson ,34,3,24,0,0,0,0,0,0,0,0,1,83,0,2,10,0,19,1,1,"1,064",31.29,72,43,65%,2,4,33,127,56,2,135,133,85,5,70,45,1,12,33%,1,0,0,0,1,0,0,0,0,0,0,0,1
Jayden  Bogle ,34,3,25,0,0,0,0,0,0,0,0,1,79,0,1,9,0,38,3,0,772,22.71,34,66,55%,1,10,32,86,49,0,139,163,154,25,50,28,0,40,25%,1,0,0,3,0,0,0,0,0,0,0,0,4
Rhys  Norrington-Davies ,5,1,3,0,0,0,0,0,0,0,0,0,6,0,0,1,0,3,0,0,54,10.80,1,1,100%,0,0,1,2,1,0,4,4,7,1,1,1,0,2,0%,0,0,0,0,0,0,0,0,0,0,0,0,1
Jili  Buyabu ,0,0,0,0,0,0,0,0,0,0,0,0,0,0,0,0,0,0,0,0,0,0.00,0,0,0%,0,0,0,0,0,0,0,0,0,0,0,0,0,0,0%,0,0,0,0,0,0,0,0,0,0,0,0,0
Yasser  Larouci ,11,0,9,0,0,0,0,0,0,0,0,0,11,0,0,1,0,5,0,0,165,15.00,2,17,53%,0,2,7,20,10,0,34,33,25,10,1,4,1,6,0%,0,0,0,0,0,0,0,0,0,0,0,0,1
Auston  Trusty ,32,2,24,0,0,0,0,0,0,0,0,1,81,1,0,4,0,23,0,0,846,26.44,38,47,64%,3,1,35,145,82,1,89,127,104,6,63,51,3,5,40%,0,0,0,0,0,0,0,0,0,0,1,0,3
Evan  Easton ,0,0,0,0,0,0,0,0,0,0,0,0,0,0,0,0,0,0,0,0,0,0.00,0,0,0%,0,0,0,0,0,0,0,0,0,0,0,0,0,0,0%,0,0,0,0,0,0,0,0,0,0,0,0,0
Mason  Holgate ,10,1,7,0,0,0,0,0,0,0,0,0,22,0,0,3,1,8,0,0,165,16.50,10,12,58%,0,1,11,39,21,0,30,26,24,1,9,7,1,7,29%,0,0,0,0,0,0,0,0,0,0,1,0,0
Sam  Curtis ,1,0,1,0,0,0,0,0,0,0,0,0,0,0,0,0,0,0,0,0,7,7.00,0,1,0%,0,0,0,0,0,0,1,1,2,0,0,0,0,1,0%,0,0,0,0,0,0,0,0,0,0,0,0,0
Dovydas  Sasnauskas ,0,0,0,0,0,0,0,0,0,0,0,0,0,0,0,0,0,0,0,0,0,0.00,0,0,0%,0,0,0,0,0,0,0,0,0,0,0,0,0,0,0%,0,0,0,0,0,0,0,0,0,0,0,0,0
Oliver  Norwood ,27,2,19,0,0,0,0,0,0,0,0,0,0,0,0,8,0,15,1,0,855,31.67,68,41,63%,0,4,21,36,14,0,98,65,63,1,14,17,1,52,31%,2,0.04,0,1,0,1,0,15,6,40%,0,0,0
Ben  Osborn ,24,2,18,0,0,0,0,0,0,0,0,0,0,0,0,3,0,8,0,2,506,21.08,23,22,41%,0,3,8,26,13,0,80,44,55,7,6,22,1,47,21%,1,0.00,0,0,0,0,0,4,0,0%,0,0,1
Oliver  Arblaster ,12,0,9,0,0,0,0,0,0,0,0,0,0,0,0,2,0,10,0,0,428,35.67,21,23,61%,0,0,15,8,1,0,52,61,47,17,9,15,1,7,0%,0,0.00,0,0,0,0,0,1,1,100%,0,0,0
Andre  Brooks ,20,1,17,0,0,0,0,0,0,0,0,0,0,0,0,1,0,11,0,0,248,12.40,3,22,59%,0,3,14,14,2,0,45,54,67,12,11,14,0,8,0%,0,0.00,0,0,0,0,0,9,2,22%,0,1,0
Anis  Ben Slimane ,15,1,12,0,0,0,0,0,0,0,0,0,0,0,0,2,0,7,0,0,136,9.07,2,11,55%,0,2,5,7,3,0,35,26,56,2,7,18,0,0,0%,1,0.00,0,0,0,0,0,8,3,38%,0,2,2
Vinicius  Souza ,36,3,26,0,0,0,0,0,0,0,0,0,0,0,0,3,0,48,1,0,979,27.19,39,125,61%,0,4,32,75,49,0,153,220,152,17,67,41,0,10,20%,0,0.03,0,1,0,0,0,14,6,43%,0,0,2
Gustavo  Hamer ,36,3,26,0,0,0,0,0,0,0,0,0,0,0,0,9,0,50,4,6,982,27.28,42,39,54%,0,15,29,32,11,0,162,90,154,28,6,16,10,115,29%,5,0.11,0,3,1,0,0,49,15,31%,0,1,6
Tom  Davies ,9,1,7,0,0,0,0,0,0,0,0,0,0,1,0,2,0,7,0,0,92,10.22,2,10,50%,0,2,3,5,2,0,21,17,24,2,3,3,0,4,0%,1,0.00,0,0,0,0,0,4,1,25%,0,0,0
James  McAtee ,31,4,21,0,0,0,0,0,0,0,0,0,0,0,0,2,0,15,3,3,489,15.77,7,32,66%,0,8,11,15,4,0,96,104,156,33,12,31,4,36,25%,6,0.10,0,1,2,1,0,26,9,35%,0,2,1
Ryan  Oné ,1,0,1,0,0,0,0,0,0,0,0,0,0,0,0,0,0,0,0,0,1,1.00,0,0,0%,0,0,0,0,0,0,1,0,0,0,0,0,0,0,0%,0,0.00,0,0,0,0,0,0,0,0%,0,0,0
Sydie  Peck ,1,1,0,0,0,0,0,0,0,0,0,0,0,0,0,0,0,0,0,0,1,1.00,0,0,0%,0,0,0,0,0,0,1,0,0,0,0,0,0,0,0%,0,0.00,0,0,0,0,0,0,0,0%,0,0,0
Owen  Hampson ,0,0,0,0,0,0,0,0,0,0,0,0,0,0,0,0,0,0,0,0,0,0.00,0,0,0%,0,0,0,0,0,0,0,0,0,0,0,0,0,0,0%,0,0.00,0,0,0,0,0,0,0,0%,0,0,0
Rhian  Brewster ,13,2,10,0,0,0,0,0,0,0,0,0,0,0,0,0,1,5,0,0,73,5.62,0,5,0,0,1,1,2,2,0,0,0,0,0,0,0,0,3,0,0,0.00,0,0,0,0,0,7,3,43%,0,0,1
Oliver  McBurnie ,21,0,15,0,0,0,0,0,0,0,0,0,0,0,0,3,2,19,6,3,398,18.95,0,17,0,0,6,5,28,26,0,0,0,0,0,0,0,3,5,0,0,0.29,1,4,1,2,0,33,17,52%,2,7,4
William  Osula ,21,1,17,0,0,0,0,0,0,0,0,0,0,0,0,4,0,15,0,0,90,4.29,0,2,0,0,6,2,9,3,0,0,0,0,0,0,0,1,2,0,0,0.00,0,0,0,0,0,21,8,38%,0,2,6
Daniel  Jebbison ,1,0,1,0,0,0,0,0,0,0,0,0,0,0,0,0,0,0,0,0,3,3.00,0,0,0,0,0,0,0,0,0,0,0,0,0,0,0,0,0,0,0,0.00,0,0,0,0,0,0,0,0%,0,0,0
Cameron  Archer ,30,4,21,0,0,0,0,0,0,0,0,0,0,0,0,2,0,15,4,1,333,11.10,0,18,0,0,15,1,9,3,0,0,0,0,0,0,0,6,5,0,0,0.13,0,4,0,0,0,42,11,26%,1,6,13
Ben  Brereton ,14,0,10,0,0,0,0,0,0,0,0,0,0,0,0,3,0,11,6,1,253,18.07,0,9,0,0,9,3,11,4,0,0,0,0,0,0,0,3,9,0,0,0.43,1,5,0,1,0,35,19,54%,1,5,11
Billy  Blacker ,0,0,0,0,0,0,0,0,0,0,0,0,0,0,0,0,0,0,0,0,0,0.00,0,0,0,0,0,0,0,0,0,0,0,0,0,0,0,0,0,0,0,0.00,0,0,0,0,0,0,0,0%,0,0,0
Louie  Marsh ,0,0,0,0,0,0,0,0,0,0,0,0,0,0,0,0,0,0,0,0,0,0.00,0,0,0,0,0,0,0,0,0,0,0,0,0,0,0,0,0,0,0,0.00,0,0,0,0,0,0,0,0%,0,0,0
Fraser  Forster ,0,0,0,0,0,0,0,0,0,0,0,0,0,0,0,0,0,0,0,0,0,0.00,0,0,0,0,0,0,0,0,0,0,0,0,0,0,0,0,0,0,0,0,0,0,0,0,0,0,0,0,0,0,0
Brandon  Austin ,0,0,0,0,0,0,0,0,0,0,0,0,0,0,0,0,0,0,0,0,0,0.00,0,0,0,0,0,0,0,0,0,0,0,0,0,0,0,0,0,0,0,0,0,0,0,0,0,0,0,0,0,0,0
Alfie  Whiteman ,0,0,0,0,0,0,0,0,0,0,0,0,0,0,0,0,0,0,0,0,0,0.00,0,0,0,0,0,0,0,0,0,0,0,0,0,0,0,0,0,0,0,0,0,0,0,0,0,0,0,0,0,0,0
Guglielmo  Vicario ,38,20,12,110,0,15,30,2,0,193,201,7,61,0,0,2,0,0,0,0,"1,371",36.08,85,0,0,0,0,0,0,0,0,0,0,0,0,0,0,0,0,0,0,0,0,0,0,0,0,0,0,0,0,0,0
Emerson  Royal ,22,11,8,0,0,0,0,0,0,0,0,0,31,0,0,4,0,14,1,0,948,43.09,19,36,67%,0,1,20,45,24,0,82,99,75,10,16,22,1,14,14%,1,0,0,1,0,0,0,0,0,0,0,0,0
Cristian  Romero ,33,19,9,0,0,0,0,0,0,0,0,7,42,0,1,7,1,31,5,0,"2,586",78.36,60,66,61%,3,4,44,100,57,1,189,182,86,5,90,39,1,3,0%,6,0,3,2,0,0,0,0,0,0,2,0,1
Ben  Davies ,17,10,6,0,0,0,0,0,0,0,0,1,21,0,0,2,0,8,1,0,812,47.76,31,24,71%,0,1,10,35,20,0,53,76,43,4,29,21,0,10,10%,3,0,1,0,0,0,0,0,0,0,0,0,0
Alfie  Dorrington ,0,0,0,0,0,0,0,0,0,0,0,0,0,0,0,0,0,0,0,0,0,0.00,0,0,0%,0,0,0,0,0,0,0,0,0,0,0,0,0,0,0%,0,0,0,0,0,0,0,0,0,0,0,0,0
Pedro  Porro ,35,19,11,0,0,0,0,0,0,0,0,5,54,1,0,3,0,37,3,7,"1,865",53.29,77,91,69%,1,15,34,80,32,0,199,159,147,26,17,14,13,198,19%,14,0,0,3,0,0,0,0,0,0,2,0,1
Destiny  Udogie ,28,16,6,0,0,0,0,0,0,0,0,2,40,3,0,5,1,51,2,3,"1,214",43.36,7,68,49%,1,2,37,67,40,0,169,150,151,24,22,27,3,22,5%,0,0,0,0,2,0,0,0,0,0,0,0,3
Ashley  Phillips ,0,0,0,0,0,0,0,0,0,0,0,0,0,0,0,0,0,0,0,0,0,0.00,0,0,0%,0,0,0,0,0,0,0,0,0,0,0,0,0,0,0%,0,0,0,0,0,0,0,0,0,0,0,0,0
Micky  van de Ven ,27,15,7,0,0,0,0,0,0,0,0,5,38,0,0,5,0,13,3,0,"1,783",66.04,41,49,71%,4,1,18,71,34,1,144,119,84,15,38,41,0,3,0%,0,0,0,0,3,0,0,0,0,0,0,0,1
Radu  Dragusin ,9,5,2,0,0,0,0,0,0,0,0,1,7,0,0,1,0,6,0,0,369,41.00,6,5,60%,0,0,8,18,11,0,21,19,14,1,9,6,0,0,0%,1,0,0,0,0,0,0,0,0,0,0,0,1
Oliver  Skipp ,21,12,5,0,0,0,0,0,0,0,0,0,0,0,0,3,0,8,0,0,373,17.76,14,18,67%,0,3,3,6,5,0,36,35,32,2,4,10,0,1,100%,1,0.00,0,0,0,0,0,4,1,25%,0,1,0
Pierre-Emile  Højbjerg ,36,20,11,0,0,0,0,0,0,0,0,0,0,1,0,4,0,20,0,0,"1,383",38.42,75,32,56%,0,8,19,27,12,0,121,69,72,12,8,13,3,14,7%,2,0.00,0,0,0,0,0,19,6,32%,1,0,0
Ryan  Sessegnon ,0,0,0,0,0,0,0,0,0,0,0,0,0,0,0,0,0,0,0,0,0,0.00,0,0,0%,0,0,0,0,0,0,0,0,0,0,0,0,0,0,0%,0,0,0,0,0,0,0,0,0,0,0,0,0
Pape  Sarr ,34,19,11,0,0,0,0,0,0,0,0,0,0,0,0,9,0,32,3,3,"1,313",38.62,28,34,71%,0,11,31,28,19,0,144,94,111,19,24,27,2,25,20%,6,0.09,0,1,2,0,0,36,14,39%,1,3,0
Rodrigo  Bentancur ,23,10,10,0,0,0,0,0,0,0,0,0,0,0,0,7,0,20,1,1,787,34.22,20,23,65%,0,5,17,16,9,0,54,65,83,11,14,22,0,9,11%,4,0.04,0,0,1,0,0,18,5,28%,1,1,0
Yves  Bissouma ,28,15,9,0,0,0,0,0,0,0,0,0,0,1,0,9,2,35,0,0,"1,834",65.50,42,80,65%,0,6,37,42,33,0,128,152,111,27,14,15,0,1,0%,3,0.00,0,0,0,0,0,24,5,21%,0,1,0
Alfie  Devine ,0,0,0,0,0,0,0,0,0,0,0,0,0,0,0,0,0,0,0,0,0,0.00,0,0,0%,0,0,0,0,0,0,0,0,0,0,0,0,0,0,0%,0,0.00,0,0,0,0,0,0,0,0%,0,0,0
Dejan  Kulusevski ,36,19,12,0,0,0,0,0,0,0,0,0,0,0,0,7,0,54,8,3,"1,132",31.44,16,62,53%,0,26,18,1,1,0,133,152,240,54,7,15,14,89,25%,12,0.22,1,3,4,0,0,57,24,42%,1,4,10
James  Maddison ,28,16,8,0,0,0,0,0,0,0,0,0,0,0,0,5,0,21,4,9,"1,346",48.07,43,33,58%,0,19,13,8,3,0,60,142,108,32,3,6,11,133,17%,14,0.14,0,3,1,0,0,58,23,40%,0,4,2
Giovani  Lo Celso ,22,9,11,0,0,0,0,0,0,0,0,0,0,0,0,2,0,12,2,2,483,21.95,18,22,59%,0,4,5,2,1,0,46,57,32,8,1,5,1,13,38%,2,0.09,0,0,2,0,0,13,6,46%,1,0,1
Mikey  Moore ,2,1,1,0,0,0,0,0,0,0,0,0,0,0,0,0,0,1,0,0,5,2.50,0,0,0%,0,0,0,1,0,0,0,0,1,0,0,0,0,0,0%,0,0.00,0,0,0,0,0,0,0,0%,0,0,0
Tyrese  Hall ,0,0,0,0,0,0,0,0,0,0,0,0,0,0,0,0,0,0,0,0,0,0.00,0,0,0%,0,0,0,0,0,0,0,0,0,0,0,0,0,0,0%,0,0.00,0,0,0,0,0,0,0,0%,0,0,0
Son  Heung-Min ,35,19,12,0,0,0,0,0,0,0,0,0,0,0,0,1,0,12,17,10,"1,025",29.29,0,21,0,0,22,8,4,1,0,0,0,0,0,0,0,20,36,0,0,0.49,0,13,4,2,0,85,40,47%,4,7,20
 Richarlison ,28,15,7,0,0,0,0,0,0,0,0,0,0,0,0,3,0,20,11,4,374,13.36,0,16,0,0,15,8,23,16,0,0,0,0,0,0,0,3,14,0,0,0.39,3,4,4,0,0,62,25,40%,1,7,12
Jamie  Donley ,3,2,0,0,0,0,0,0,0,0,0,0,0,0,0,1,0,1,0,0,1,0.33,0,0,0,0,0,0,2,1,0,0,0,0,0,0,0,0,0,0,0,0.00,0,0,0,0,0,0,0,0%,0,0,0
Bryan  Gil ,11,3,5,0,0,0,0,0,0,0,0,0,0,0,0,0,0,2,0,0,144,13.09,0,1,0,0,0,3,4,1,0,0,0,0,0,0,0,0,11,0,0,0.00,0,0,0,0,0,4,1,25%,1,1,1
Manor  Solomon ,5,4,0,0,0,0,0,0,0,0,0,0,0,0,0,1,0,2,0,2,85,17.00,0,3,0,0,3,3,1,1,0,0,0,0,0,0,0,1,5,0,0,0.00,0,0,0,0,0,7,1,14%,0,0,1
Brennan  Johnson ,35,16,14,0,0,0,0,0,0,0,0,0,0,0,0,3,0,18,5,10,701,20.03,0,30,0,0,14,10,9,4,0,0,0,0,0,0,0,12,70,0,0,0.14,0,4,1,0,0,53,21,40%,2,17,13
Yago  Santiago ,0,0,0,0,0,0,0,0,0,0,0,0,0,0,0,0,0,0,0,0,0,0.00,0,0,0,0,0,0,0,0,0,0,0,0,0,0,0,0,0,0,0,0.00,0,0,0,0,0,0,0,0%,0,0,0
Dane  Scarlett ,4,4,0,0,0,0,0,0,0,0,0,0,0,0,0,0,0,1,0,0,3,0.75,0,1,0,0,0,0,0,0,0,0,0,0,0,0,0,0,0,0,0,0.00,0,0,0,0,0,0,0,0%,0,0,0
Timo  Werner ,13,6,4,0,0,0,0,0,0,0,0,0,0,0,0,1,0,3,2,3,323,24.85,0,7,0,0,11,3,1,0,0,0,0,0,0,0,0,3,28,0,0,0.15,0,2,0,0,0,29,7,24%,1,5,12
Lukasz  Fabianski ,10,3,5,33,0,5,8,1,0,44,56,1,21,0,0,0,0,0,0,0,194,19.40,57,0,0,0,0,0,0,0,0,0,0,0,0,0,0,0,0,0,0,0,0,0,0,0,0,0,0,0,0,0,0
Alphonse  Areola ,31,11,11,138,2,11,20,4,0,144,219,4,53,0,1,1,0,2,0,0,718,23.16,184,0,0,0,0,0,0,0,0,0,0,0,0,0,0,0,0,0,0,0,0,0,0,0,0,0,0,0,0,0,0
Joseph  Anang ,0,0,0,0,0,0,0,0,0,0,0,0,0,0,0,0,0,0,0,0,0,0.00,0,0,0,0,0,0,0,0,0,0,0,0,0,0,0,0,0,0,0,0,0,0,0,0,0,0,0,0,0,0,0
Jacob  Knightbridge ,0,0,0,0,0,0,0,0,0,0,0,0,0,0,0,0,0,0,0,0,0,0.00,0,0,0,0,0,0,0,0,0,0,0,0,0,0,0,0,0,0,0,0,0,0,0,0,0,0,0,0,0,0,0
Ben  Johnson ,14,4,6,0,0,0,0,0,0,0,0,0,0,0,0,1,0,3,0,0,262,18.71,14,11,64%,0,2,5,13,6,0,49,36,42,11,7,12,0,31,3%,0,0.00,0,0,0,0,0,6,2,33%,0,0,1
Aaron  Cresswell ,11,3,6,0,0,0,0,0,0,0,0,0,11,0,0,1,0,2,0,0,247,22.45,14,3,67%,0,0,3,7,3,0,18,12,7,0,6,3,1,11,36%,0,0,0,0,0,0,0,0,0,0,0,0,1
Kurt  Zouma ,33,13,13,0,0,0,0,0,0,0,0,3,63,0,0,3,0,24,3,0,"1,143",34.64,69,23,74%,1,4,29,158,73,0,95,89,76,2,58,43,0,0,0%,1,0,3,0,0,0,0,0,0,0,0,0,0
Vladimír  Coufal ,36,14,14,0,0,0,0,0,0,0,0,3,69,0,0,5,1,32,0,7,"1,229",34.14,39,64,64%,0,2,43,83,48,0,154,142,137,12,40,37,6,106,24%,2,0,0,0,0,0,0,0,0,0,1,0,1
Angelo  Ogbonna ,11,6,3,0,0,0,0,0,0,0,0,2,14,0,0,1,0,1,0,0,214,19.45,9,11,45%,0,0,3,29,14,0,10,27,9,1,12,7,0,0,0%,0,0,0,0,0,0,0,0,0,0,0,0,0
Nayef  Aguerd ,21,7,10,0,0,0,0,0,0,0,0,2,44,0,0,1,1,10,1,0,"1,164",55.43,104,26,54%,0,3,17,80,39,1,102,83,52,3,48,33,0,5,0%,1,0,1,0,0,0,0,0,0,0,0,0,0
 Emerson ,36,14,13,0,0,0,0,0,0,0,0,5,67,0,1,10,0,32,1,2,"1,434",39.83,42,106,64%,1,5,43,88,45,2,142,188,137,24,25,23,2,49,20%,2,0,0,0,1,0,0,0,0,0,1,0,1
Levi  Laing ,0,0,0,0,0,0,0,0,0,0,0,0,0,0,0,0,0,0,0,0,0,0.00,0,0,0%,0,0,0,0,0,0,0,0,0,0,0,0,0,0,0%,0,0,0,0,0,0,0,0,0,0,0,0,0
Kaelan  Casey ,1,1,0,0,0,0,0,0,0,0,0,0,0,0,0,0,0,0,0,0,0,0.00,0,0,0%,0,0,0,1,1,0,0,1,0,0,1,0,0,0,0%,0,0,0,0,0,0,0,0,0,0,0,0,0
Konstantinos  Mavropanos ,19,6,6,0,0,0,0,0,0,0,0,3,27,2,2,2,0,15,1,0,627,33.00,40,28,57%,2,1,23,78,31,0,70,84,44,2,44,24,0,1,0%,1,0,1,0,0,0,0,0,0,0,0,0,0
Lucas  Paquetá ,31,14,10,0,0,0,0,0,0,0,0,0,0,0,0,10,0,47,4,6,"1,411",45.52,70,71,68%,0,5,21,25,20,0,194,237,239,41,61,60,12,35,29%,30,0.13,0,0,4,2,0,42,11,26%,2,3,5
Tomás  Soucek ,37,13,14,0,0,0,0,0,0,0,0,0,0,0,0,7,0,41,7,2,947,25.59,31,53,66%,0,8,37,107,60,0,151,189,161,4,108,81,4,6,33%,2,0.19,1,4,2,0,0,43,15,35%,1,11,10
Kamarai  Simon-Swyer ,0,0,0,0,0,0,0,0,0,0,0,0,0,0,0,0,0,0,0,0,0,0.00,0,0,0%,0,0,0,0,0,0,0,0,0,0,0,0,0,0,0%,0,0.00,0,0,0,0,0,0,0,0%,0,0,0
George  Earthy ,3,1,2,0,0,0,0,0,0,0,0,0,0,0,0,0,0,1,1,0,17,5.67,0,0,0%,0,0,1,0,0,0,4,0,2,0,0,0,0,0,0%,0,0.33,0,1,0,0,0,1,1,100%,0,0,0
Edson  Álvarez ,31,13,11,0,0,0,0,0,0,0,0,0,0,0,0,11,0,33,1,1,"1,195",38.55,60,80,49%,0,8,42,70,36,0,164,152,146,27,30,36,0,4,25%,2,0.03,0,1,0,0,0,17,3,18%,0,0,1
James  Ward-Prowse ,37,14,14,0,0,0,0,0,0,0,0,0,0,0,0,4,0,24,7,7,"1,472",39.78,50,45,64%,0,13,38,44,23,0,145,102,100,11,26,33,12,189,34%,2,0.19,1,5,1,2,0,44,18,41%,1,1,0
Mohammed  Kudus ,33,12,14,0,0,0,0,0,0,0,0,0,0,0,0,6,0,39,8,6,773,23.42,44,65,72%,0,24,11,8,0,0,212,279,252,124,15,29,5,94,22%,3,0.24,0,4,4,0,0,67,17,25%,2,4,16
Kalvin  Phillips ,12,4,6,0,0,0,0,0,0,0,0,0,0,1,0,1,1,17,0,0,243,20.25,13,14,64%,0,1,6,4,2,0,31,30,33,2,7,1,0,3,33%,1,0.00,0,0,0,0,0,5,2,40%,0,0,0
Michail  Antonio ,26,9,11,0,0,0,0,0,0,0,0,0,0,0,0,6,0,25,6,2,268,10.31,0,15,0,0,6,4,4,3,0,0,0,0,0,0,0,1,27,0,0,0.23,2,4,0,0,0,30,14,47%,0,6,9
Maxwel  Cornet ,7,0,4,0,0,0,0,0,0,0,0,0,0,0,0,0,0,2,1,0,48,6.86,0,3,0,0,1,2,1,0,0,0,0,0,0,0,0,0,1,0,0,0.14,0,0,1,0,0,4,1,25%,0,0,3
Danny  Ings ,20,5,11,0,0,0,0,0,0,0,0,0,0,0,0,1,0,4,1,0,105,5.25,0,6,0,0,5,3,6,4,0,0,0,0,0,0,0,0,1,0,0,0.05,0,1,0,0,0,12,4,33%,1,1,1
Jarrod  Bowen ,34,13,11,0,0,0,0,0,0,0,0,0,0,0,0,2,0,28,16,6,622,18.29,0,42,0,0,20,19,12,9,0,0,0,0,0,0,0,12,75,0,0,0.47,5,3,8,0,0,84,37,44%,5,13,20
Divin  Mubama ,5,2,1,0,0,0,0,0,0,0,0,0,0,0,0,0,0,1,0,0,22,4.40,0,0,0,0,1,0,0,0,0,0,0,0,0,0,0,0,0,0,0,0.00,0,0,0,0,0,1,0,0%,0,0,0
José  Sá ,35,12,16,134,0,9,37,6,0,190,253,4,58,3,0,1,0,0,0,1,904,25.83,108,0,0,0,0,0,0,0,0,0,0,0,0,0,0,0,0,0,0,0,0,0,0,0,0,0,0,0,0,0,0
Dan  Bentley ,5,1,4,8,0,2,0,0,0,9,33,1,7,0,0,0,0,0,0,0,135,27.00,23,0,0,0,0,0,0,0,0,0,0,0,0,0,0,0,0,0,0,0,0,0,0,0,0,0,0,0,0,0,0
Tom  King ,0,0,0,0,0,0,0,0,0,0,0,0,0,0,0,0,0,0,0,0,0,0.00,0,0,0,0,0,0,0,0,0,0,0,0,0,0,0,0,0,0,0,0,0,0,0,0,0,0,0,0,0,0,0
Rayan  Aït-Nouri ,33,12,17,0,0,0,0,0,0,0,0,0,43,0,0,7,0,25,2,1,"1,038",31.45,23,71,62%,0,5,15,31,15,1,136,207,166,62,21,25,3,41,20%,2,0,1,1,0,0,0,0,0,0,0,0,8
Craig  Dawson ,25,10,10,0,0,0,0,0,0,0,0,5,38,0,0,7,0,20,1,1,"1,272",50.88,100,30,67%,0,3,16,119,65,2,100,111,66,3,63,32,2,1,0%,2,0,0,1,0,0,0,0,0,0,0,0,4
Nélson  Semedo ,36,12,17,0,0,0,0,0,0,0,0,4,60,0,0,11,1,48,0,1,"1,516",42.11,48,79,61%,0,7,36,78,35,0,188,182,166,51,22,28,2,80,16%,2,0,0,0,0,0,0,0,0,0,0,0,1
Maximilian  Kilman ,38,13,18,0,0,0,0,0,0,0,0,5,65,0,0,7,0,38,2,0,"2,286",60.16,144,47,45%,0,2,39,179,101,3,177,161,94,10,89,36,4,6,17%,2,0,0,0,2,0,0,0,0,0,0,0,2
Toti  Gomes ,35,13,15,0,0,0,0,0,0,0,0,4,49,0,0,7,0,38,1,3,"1,713",48.94,46,44,57%,0,2,26,87,41,3,136,136,91,23,56,32,2,13,8%,1,0,1,0,0,0,0,0,0,0,0,0,2
Hugo  Bueno ,22,7,11,0,0,0,0,0,0,0,0,0,16,0,1,1,0,7,0,0,330,15.00,4,21,67%,0,4,6,20,11,0,37,44,50,8,9,12,2,29,34%,0,0,0,0,0,0,0,0,0,0,0,0,1
Matt  Doherty ,30,12,12,0,0,0,0,0,0,0,0,1,21,0,0,2,0,13,1,0,564,18.80,29,31,58%,1,1,7,37,29,0,65,86,68,6,38,34,3,13,8%,0,0,0,1,0,0,0,0,0,0,1,0,5
Santiago  Bueno ,12,3,7,0,0,0,0,0,0,0,0,0,18,0,0,1,0,10,0,0,476,39.67,14,13,54%,0,0,6,33,19,0,30,34,44,1,16,26,0,2,0%,0,0,0,0,0,0,0,0,0,0,0,0,0
Aaron  Keto-Diyawa ,0,0,0,0,0,0,0,0,0,0,0,0,0,0,0,0,0,0,0,0,0,0.00,0,0,0%,0,0,0,0,0,0,0,0,0,0,0,0,0,0,0%,0,0,0,0,0,0,0,0,0,0,0,0,0
Mario  Lemina ,35,11,17,0,0,0,0,0,0,0,0,0,0,0,0,10,1,43,4,1,"1,439",41.11,59,90,64%,0,14,41,56,28,0,199,174,146,25,35,42,3,15,27%,8,0.11,3,1,0,0,0,48,18,38%,1,4,8
Pablo  Sarabia ,30,12,14,0,0,0,0,0,0,0,0,0,0,0,0,5,0,21,4,7,829,27.63,33,20,65%,0,15,10,6,3,0,90,69,110,17,7,22,9,131,29%,9,0.13,1,0,3,2,0,46,18,39%,0,4,9
João  Gomes ,34,13,15,0,0,0,0,0,0,0,0,0,0,0,0,11,0,66,2,1,"1,237",36.38,31,128,58%,0,11,18,29,16,0,183,211,211,26,19,26,2,25,48%,7,0.06,1,1,0,0,0,26,8,31%,2,1,1
Boubacar  Traoré ,24,6,12,0,0,0,0,0,0,0,0,0,0,0,0,4,0,23,0,0,443,18.46,15,35,66%,0,4,5,7,2,0,62,55,72,10,6,17,0,6,50%,0,0.00,0,0,0,0,0,11,1,9%,0,0,1
Tommy  Doyle ,26,8,14,0,0,0,0,0,0,0,0,0,0,0,0,2,0,11,0,0,911,35.04,75,26,50%,0,2,12,17,9,0,93,31,31,1,0,4,1,28,21%,2,0.00,0,0,0,0,0,14,3,21%,0,0,0
Jean-Ricner  Bellegarde ,22,8,11,0,0,0,0,0,0,0,0,0,0,0,0,0,1,10,2,1,281,12.77,5,17,59%,0,5,8,13,6,0,41,66,78,17,8,27,1,30,10%,1,0.09,0,2,0,0,0,15,5,33%,0,0,2
Matthew  Whittingham ,0,0,0,0,0,0,0,0,0,0,0,0,0,0,0,0,0,0,0,0,0,0.00,0,0,0%,0,0,0,0,0,0,0,0,0,0,0,0,0,0,0%,0,0.00,0,0,0,0,0,0,0,0%,0,0,0
Tawanda  Chirewa ,8,0,6,0,0,0,0,0,0,0,0,0,0,0,0,1,0,4,0,0,53,6.63,1,7,43%,0,1,1,0,0,0,3,11,13,1,1,3,0,4,50%,0,0.00,0,0,0,0,0,3,1,33%,0,0,1
Harvey  Griffiths ,0,0,0,0,0,0,0,0,0,0,0,0,0,0,0,0,0,0,0,0,0,0.00,0,0,0%,0,0,0,0,0,0,0,0,0,0,0,0,0,0,0%,0,0.00,0,0,0,0,0,0,0,0%,0,0,0
Temple  Ojinnaka ,0,0,0,0,0,0,0,0,0,0,0,0,0,0,0,0,0,0,0,0,0,0.00,0,0,0%,0,0,0,0,0,0,0,0,0,0,0,0,0,0,0%,0,0.00,0,0,0,0,0,0,0,0%,0,0,0
Pedro  Neto ,20,8,8,0,0,0,0,0,0,0,0,0,0,0,0,4,0,15,2,9,589,29.45,0,7,0,0,8,5,2,0,0,0,0,0,0,0,0,7,115,0,0,0.10,0,0,2,0,0,36,12,33%,3,2,2
Hwang  Hee-Chan ,29,11,13,0,0,0,0,0,0,0,0,0,0,0,0,6,0,31,12,3,530,18.28,0,20,0,0,10,10,8,3,0,0,0,0,0,0,0,4,11,0,0,0.41,2,8,2,1,0,45,18,40%,2,8,15
Nathan  Fraser ,7,1,5,0,0,0,0,0,0,0,0,0,0,0,0,1,0,5,0,0,42,6.00,0,5,0,0,0,1,2,1,0,0,0,0,0,0,0,0,0,0,0,0.00,0,0,0,0,0,3,2,67%,0,1,0
Matheus  Cunha ,32,10,15,0,0,0,0,0,0,0,0,0,0,0,0,9,0,31,12,7,786,24.56,0,30,0,0,15,13,20,10,0,0,0,0,0,0,0,7,24,0,0,0.38,2,9,1,1,0,73,38,52%,3,6,4
Emilio  Ballard-Matthews ,0,0,0,0,0,0,0,0,0,0,0,0,0,0,0,0,0,0,0,0,0,0.00,0,0,0,0,0,0,0,0,0,0,0,0,0,0,0,0,0,0,0,0.00,0,0,0,0,0,0,0,0%,0,0,0
Enso  González ,1,0,1,0,0,0,0,0,0,0,0,0,0,0,0,0,0,0,0,0,6,6.00,0,0,0,0,0,0,0,0,0,0,0,0,0,0,0,0,0,0,0,0.00,0,0,0,0,0,0,0,0%,0,0,0
Ty  Barnett ,0,0,0,0,0,0,0,0,0,0,0,0,0,0,0,0,0,0,0,0,0,0.00,0,0,0,0,0,0,0,0,0,0,0,0,0,0,0,0,0,0,0,0.00,0,0,0,0,0,0,0,0%,0,0,0
Noha  Lemina ,0,0,0,0,0,0,0,0,0,0,0,0,0,0,0,0,0,0,0,0,0,0.00,0,0,0%,0,0,0,0,0,0,0,0,0,0,0,0,0,0,0%,0,0.00,0,0,0,0,0,0,0,0%,0,0,0
Wesley  Okoduwa ,0,0,0,0,0,0,0,0,0,0,0,0,0,0,0,0,0,0,0,0,0,0.00,0,0,0,0,0,0,0,0,0,0,0,0,0,0,0,0,0,0,0,0.00,0,0,0,0,0,0,0,0%,0,0,0
Leon  Chiwome ,3,0,2,0,0,0,0,0,0,0,0,0,0,0,0,0,0,2,0,0,22,7.33,0,2,0,0,1,0,2,2,0,0,0,0,0,0,0,0,0,0,0,0.00,0,0,0,0,0,2,0,0%,0,0,2
Fletcher  Holman ,0,0,0,0,0,0,0,0,0,0,0,0,0,0,0,0,0,0,0,0,0,0.00,0,0,0,0,0,0,0,0,0,0,0,0,0,0,0,0,0,0,0,0.00,0,0,0,0,0,0,0,0%,0,0,0
