playerName,saves,penaltiesSaved,punches,highClaims,catches,sweeperClearances,throwOuts,goalKicks,cleanSheets,goalsConceded,errorsLeadingToGoal,ownGoals,yellowCards,redCards,fouls,goals,assists,passes,passesPerMatch,accurateLongBalls,tackles,tackleSuccess,lastManTackles,blockedShots,interceptions,clearances,headedClearance,clearancesOffLine,recoveries,duelsWon,duelsLost,successful5050s,aerialBattlesWon,aerialBattlesLost,bigChancesCreated,crosses,crossAccuracy,throughBalls,goalsPerMatch,headedGoals,goalsWithRightFoot,goalsWithLeftFoot,penaltiesScored,freekicksScored,shots,shotsOnTarget,shootingAccuracy,hitWoodwork,bigChancesMissed,offsides
Aaron  Ramsdale ,470,1,55,89,22,0,679,922,38,212,6,0,3,0,1,0,1,"4,066",26.58,804,0,0,0,0,0,0,0,0,0,0,0,0,0,0,0,0,0,0,0,0,0,0,0,0,0,0,0,0,0,0
Karl  Hein ,0,0,0,0,0,0,0,0,0,0,0,0,0,0,0,0,0,0,0,0,0,0,0,0,0,0,0,0,0,0,0,0,0,0,0,0,0,0,0,0,0,0,0,0,0,0,0,0,0,0
David  Raya ,278,1,22,112,20,0,437,567,36,97,6,1,4,0,1,0,0,"3,341",35.54,812,0,0,0,0,0,0,0,0,0,0,0,0,0,0,0,0,0,0,0,0,0,0,0,0,0,0,0,0,0,0
Ben  White ,0,0,0,0,0,0,0,0,46,140,0,1,19,1,96,6,9,"7,419",51.88,283,201,54%,2,13,158,293,169,0,619,508,438,51,180,153,15,136,21%,17,0,1,3,2,0,0,0,0,0,0,0,13
Gabriel  Magalhães ,0,0,0,0,0,0,0,0,47,130,4,1,17,2,106,14,0,"8,128",61.58,293,171,60%,10,21,102,399,232,2,623,611,374,13,291,222,3,12,17%,7,0,9,1,3,0,0,0,0,0,1,0,3
William  Saliba ,0,0,0,0,0,0,0,0,29,54,1,1,8,0,41,4,2,"4,703",72.35,132,75,61%,4,4,48,160,88,0,419,248,165,19,125,92,1,4,50%,3,0,3,0,1,0,0,0,0,0,0,0,0
Jakub  Kiwior ,0,0,0,0,0,0,0,0,6,14,0,0,1,0,11,2,3,740,27.41,22,27,63%,0,2,14,34,17,0,55,57,43,3,24,21,1,13,23%,2,0,1,1,0,0,0,0,0,0,0,0,0
Takehiro  Tomiyasu ,0,0,0,0,0,0,0,0,11,41,1,0,4,1,36,2,3,"1,941",30.33,66,82,54%,0,10,56,99,52,0,185,209,171,14,90,80,2,57,39%,5,0,0,2,0,0,0,0,0,0,0,0,1
Oleksandr  Zinchenko ,0,0,0,0,0,0,0,0,34,86,3,0,7,1,68,2,11,"8,532",65.63,255,223,59%,0,38,122,131,85,1,616,491,380,46,188,126,16,238,18%,22,0,0,0,2,0,0,0,0,0,0,0,8
Jurriën  Timber ,0,0,0,0,0,0,0,0,0,0,0,0,2,0,3,0,0,67,33.5,1,2,100%,0,0,0,1,0,0,4,4,5,1,1,1,0,1,0%,0,0,0,0,0,0,0,0,0,0,0,0,1
James  Sweet ,0,0,0,0,0,0,0,0,0,0,0,0,0,0,0,0,0,0,0,0,0,0%,0,0,0,0,0,0,0,0,0,0,0,0,0,0,0%,0,0,0,0,0,0,0,0,0,0,0,0,0
Cédric  Soares ,0,0,0,0,0,0,0,0,33,191,6,0,22,0,104,3,13,"5,958",35.68,331,341,71%,1,27,179,370,160,3,721,621,587,65,144,248,19,697,24%,5,0,0,2,1,0,0,0,0,0,1,0,11
Reuell  Walters ,0,0,0,0,0,0,0,0,0,0,0,0,0,0,0,0,0,0,0,0,0,0%,0,0,0,0,0,0,0,0,0,0,0,0,0,0,0%,0,0,0,0,0,0,0,0,0,0,0,0,0
Ayden  Heaven ,0,0,0,0,0,0,0,0,0,0,0,0,0,0,0,0,0,0,0,0,0,0%,0,0,0,0,0,0,0,0,0,0,0,0,0,0,0%,0,0,0,0,0,0,0,0,0,0,0,0,0
Thomas  Partey ,0,0,0,0,0,0,0,0,0,0,1,0,18,0,98,5,3,"4,912",51.71,269,171,59%,0,34,85,96,37,0,574,431,340,107,91,77,4,20,20%,25,0.05,1,3,0,0,0,106,20,19%,5,4,0
Martin  Ødegaard ,0,0,0,0,0,0,0,0,0,0,1,0,10,0,88,31,23,"5,644",46.26,157,143,45%,0,92,34,32,10,0,538,389,530,123,35,65,38,263,29%,83,0.25,1,3,27,2,1,238,80,34%,2,11,8
Emile  Smith Rowe ,0,0,0,0,0,0,0,0,0,0,0,0,1,0,16,12,9,"1,819",22.74,27,34,50%,0,18,29,23,10,0,212,142,173,49,14,35,9,69,12%,5,0.15,0,7,5,0,0,72,37,51%,2,7,7
 Jorginho ,0,0,0,0,0,0,0,0,0,0,3,0,30,0,149,21,8,"11,424",63.12,464,347,54%,0,19,245,122,52,0,"1,133",674,680,71,82,125,23,25,24%,74,0.12,0,21,0,19,0,76,32,42%,1,4,0
Fábio  Vieira ,0,0,0,0,0,0,0,0,0,0,0,0,0,1,11,2,4,401,12.15,9,9,67%,0,7,6,3,1,0,50,36,47,8,4,5,5,35,23%,5,0.06,0,0,2,1,0,22,4,18%,0,0,2
Mohamed  Elneny ,0,0,0,0,0,0,0,0,0,0,0,0,11,1,41,1,5,"4,144",45.54,137,88,52%,0,26,74,72,29,0,362,173,193,15,33,66,2,32,13%,5,0.01,0,1,0,0,0,62,11,18%,1,2,2
Mauro  Bandeira ,0,0,0,0,0,0,0,0,0,0,0,0,0,0,0,0,0,0,0,0,0,0%,0,0,0,0,0,0,0,0,0,0,0,0,0,0,0%,0,0,0,0,0,0,0,0,0,0%,0,0,0
Ethan  Nwaneri ,0,0,0,0,0,0,0,0,0,0,0,0,0,0,1,0,0,18,9,0,0,0%,0,0,0,0,0,0,0,2,1,0,1,0,0,0,0%,0,0,0,0,0,0,0,0,0,0%,0,0,0
Kai  Havertz ,0,0,0,0,0,0,0,0,0,0,1,0,21,0,176,32,14,"3,220",25.16,41,104,46%,0,48,35,111,90,0,336,530,701,71,250,251,17,45,18%,9,0.25,9,5,18,2,0,229,100,44%,4,48,62
Declan  Rice ,0,0,0,0,0,0,0,0,0,0,2,0,31,0,169,17,18,"11,819",48.84,701,551,56%,0,61,385,365,194,0,"1,704","1,126",846,214,300,241,18,200,28%,12,0.07,3,14,0,1,0,205,59,29%,10,9,8
Amario  Cozier-Duberry ,0,0,0,0,0,0,0,0,0,0,0,0,0,0,0,0,0,0,0,0,0,0%,0,0,0,0,0,0,0,0,0,0,0,0,0,0,0%,0,0,0,0,0,0,0,0,0,0%,0,0,0
Myles  Lewis-Skelly ,0,0,0,0,0,0,0,0,0,0,0,0,0,0,0,0,0,0,0,0,0,0%,0,0,0,0,0,0,0,0,0,0,0,0,0,0,0%,0,0,0,0,0,0,0,0,0,0%,0,0,0
Bukayo  Saka ,0,0,0,0,0,0,0,0,0,0,0,0,23,0,173,47,35,"5,260",30.94,0,230,0,0,139,88,84,21,0,0,0,0,0,0,0,42,678,0,0,0.28,2,10,35,10,0,368,124,34%,11,26,59
Gabriel  Jesus ,0,0,0,0,0,0,0,0,0,0,0,0,27,0,201,73,40,"4,434",20.92,0,147,0,0,116,78,51,38,0,0,0,0,0,0,0,40,69,0,0,0.34,16,37,20,4,0,475,211,44%,14,93,115
Gabriel  Martinelli ,0,0,0,0,0,0,0,0,0,0,0,0,6,1,104,32,16,"2,570",20.08,79,115,67%,0,60,45,37,18,0,340,438,685,167,65,187,26,330,19%,18,0.25,3,23,6,1,0,221,83,38%,7,22,30
Eddie  Nketiah ,0,0,0,0,0,0,0,0,0,0,0,0,9,1,99,19,5,941,8.11,0,46,0,0,35,11,26,12,0,0,0,0,0,0,0,8,17,0,0,0.16,2,13,4,0,0,139,51,37%,11,21,26
Leandro  Trossard ,0,0,0,0,0,0,0,0,0,0,0,0,7,0,99,38,24,"4,295",25.26,0,138,0,0,84,70,23,11,0,0,0,0,0,0,0,28,356,0,0,0.22,1,22,14,1,0,288,107,37%,13,26,39
Reiss  Nelson ,0,0,0,0,0,0,0,0,0,0,0,0,2,0,23,4,2,550,11.22,18,30,60%,0,12,8,12,3,0,85,81,109,27,3,15,2,62,26%,0,0.08,0,3,1,0,0,31,12,39%,0,1,4
Emiliano  Martínez ,473,3,19,187,37,0,709,999,51,196,5,3,18,0,4,0,0,"4,960",31.19,901,0,0,0,0,0,0,0,0,0,0,0,0,0,0,0,0,0,0,0,0,0,0,0,0,0,0,0,0,0,0
Robin  Olsen ,55,1,4,19,4,0,67,126,3,33,0,0,1,0,0,0,0,510,30,94,0,0,0,0,0,0,0,0,0,0,0,0,0,0,0,0,0,0,0,0,0,0,0,0,0,0,0,0,0,0
James  Wright ,0,0,0,0,0,0,0,0,0,0,0,0,0,0,0,0,0,0,0,0,0,0,0,0,0,0,0,0,0,0,0,0,0,0,0,0,0,0,0,0,0,0,0,0,0,0,0,0,0,0
Sam  Proctor ,0,0,0,0,0,0,0,0,0,0,0,0,0,0,0,0,0,0,0,0,0,0,0,0,0,0,0,0,0,0,0,0,0,0,0,0,0,0,0,0,0,0,0,0,0,0,0,0,0,0
Joe  Gauci ,0,0,0,0,0,0,0,0,0,0,0,0,0,0,0,0,0,0,0,0,0,0,0,0,0,0,0,0,0,0,0,0,0,0,0,0,0,0,0,0,0,0,0,0,0,0,0,0,0,0
Lander  Emery ,0,0,0,0,0,0,0,0,0,0,0,0,0,0,0,0,0,0,0,0,0,0,0,0,0,0,0,0,0,0,0,0,0,0,0,0,0,0,0,0,0,0,0,0,0,0,0,0,0,0
Matty  Cash ,0,0,0,0,0,0,0,0,25,150,0,1,26,1,124,6,8,"4,036",33.36,180,269,57%,0,26,153,253,131,5,542,542,469,73,104,118,11,264,23%,4,0,1,3,2,0,0,0,0,0,0,0,6
Diego  Carlos ,0,0,0,0,0,0,0,0,5,39,1,0,4,0,28,0,0,"1,478",49.27,73,28,57%,2,3,14,80,37,1,92,61,72,2,28,31,0,2,0%,0,0,0,0,0,0,0,0,0,0,0,0,1
Ezri  Konsa ,0,0,0,0,0,0,0,0,41,225,4,0,21,2,80,6,2,"6,890",42.27,246,164,54%,3,16,123,488,223,1,667,740,351,43,290,196,5,38,32%,2,0,2,4,0,0,0,0,0,0,1,0,3
Tyrone  Mings ,0,0,0,0,0,0,0,0,43,211,6,4,30,1,95,6,9,"7,121",45.07,490,100,60%,2,14,191,728,354,11,838,540,328,40,323,171,6,22,27%,5,0,2,1,3,0,0,0,0,0,0,0,9
Álex  Moreno ,0,0,0,0,0,0,0,0,6,30,1,1,5,0,28,2,3,986,24.65,22,41,63%,0,4,20,63,34,1,109,119,144,38,13,22,3,85,22%,1,0,1,0,1,0,0,0,0,0,1,0,2
Calum  Chambers ,0,0,0,0,0,0,0,0,33,206,2,1,32,1,168,7,6,"7,278",40.21,365,297,68%,1,27,271,636,346,1,871,808,727,98,353,291,11,252,18%,7,0,1,5,1,0,0,0,0,0,1,0,2
Lucas  Digne ,0,0,0,0,0,0,0,0,40,237,0,4,31,2,196,6,25,"6,926",36.45,234,331,58%,1,49,214,421,227,1,851,977,729,79,413,218,42,"1,168",25%,3,0,1,0,5,0,0,0,0,0,8,0,17
Kortney  Hause ,0,0,0,0,0,0,0,0,6,49,1,0,5,0,35,3,0,"1,253",39.16,95,28,50%,0,2,34,159,86,0,183,212,118,12,159,60,1,0,0%,2,0,2,1,0,0,0,0,0,0,1,0,2
Pau  Torres ,0,0,0,0,0,0,0,0,6,37,0,0,1,0,18,2,0,"1,770",61.03,85,29,62%,0,3,14,74,30,2,127,79,76,17,23,22,1,8,38%,1,0,1,0,1,0,0,0,0,0,0,0,2
Clément  Lenglet ,0,0,0,0,0,0,0,0,3,62,0,0,7,0,26,0,3,"2,348",58.7,128,51,63%,0,10,25,114,70,0,156,148,106,10,58,39,2,19,32%,5,0,0,0,0,0,0,0,0,0,0,0,0
Finley  Munroe ,0,0,0,0,0,0,0,0,0,0,0,0,0,0,0,0,0,1,1,0,0,0%,0,0,0,0,0,0,0,0,0,0,0,0,0,0,0%,0,0,0,0,0,0,0,0,0,0,0,0,0
Kaine  Kesler-Hayden ,0,0,0,0,0,0,0,0,0,0,0,0,0,0,0,0,0,0,0,0,0,0%,0,0,0,0,0,0,0,0,1,0,0,1,0,0,0%,0,0,0,0,0,0,0,0,0,0,0,0,0
Douglas  Luiz ,0,0,0,0,0,0,0,0,0,0,3,0,41,2,246,20,18,"7,745",44.26,433,284,57%,0,62,176,148,58,0,977,770,770,130,149,152,26,351,23%,28,0.11,1,16,3,4,1,169,57,34%,3,6,2
John  McGinn ,0,0,0,0,0,0,0,0,0,0,0,0,39,1,217,16,19,"5,436",32.17,456,345,60%,0,57,148,99,32,0,922,"1,044",897,248,95,136,32,352,27%,50,0.09,0,3,13,0,1,225,74,33%,4,12,3
Emiliano  Buendía ,0,0,0,0,0,0,0,0,0,0,2,0,7,1,96,10,15,"3,250",29.82,163,171,47%,0,45,52,46,25,0,435,554,668,170,71,140,25,216,22%,49,0.09,3,5,2,0,0,133,36,27%,4,5,6
Jacob  Ramsey ,0,0,0,0,0,0,0,0,0,0,0,0,13,0,87,13,9,"2,409",22.51,54,162,59%,0,29,54,66,22,0,347,395,432,77,44,81,11,63,21%,9,0.12,0,8,5,0,0,97,30,31%,2,9,5
Boubacar  Kamara ,0,0,0,0,0,0,0,0,0,0,2,0,11,1,69,0,2,"1,964",44.64,89,101,53%,0,1,40,38,18,0,223,232,212,30,42,42,2,3,0%,8,0,0,0,0,0,0,9,2,22%,0,0,0
Travis  Patterson ,0,0,0,0,0,0,0,0,0,0,0,0,0,0,0,0,0,0,0,0,0,0%,0,0,0,0,0,0,0,0,0,0,0,0,0,0,0%,0,0,0,0,0,0,0,0,0,0%,0,0,0
Leon  Bailey ,0,0,0,0,0,0,0,0,0,0,0,0,12,0,67,15,15,"1,330",15.47,55,44,55%,0,42,16,17,9,0,217,263,429,112,49,87,21,204,22%,16,0.17,0,4,11,0,0,125,40,32%,7,5,24
Youri  Tielemans ,0,0,0,0,0,0,0,0,0,0,1,0,20,0,166,23,26,"9,074",49.58,435,336,53%,0,83,137,107,61,0,"1,014",826,734,150,136,107,38,367,18%,76,0.13,1,19,3,5,0,240,78,33%,9,5,2
Tim  Iroegbunam ,0,0,0,0,0,0,0,0,0,0,0,0,1,0,11,0,0,82,6.83,0,12,75%,0,0,4,3,2,0,24,22,21,3,5,0,0,0,0%,0,0,0,0,0,0,0,1,0,0%,0,0,0
Omari  Kellyman ,0,0,0,0,0,0,0,0,0,0,0,0,0,0,0,0,0,7,3.5,0,1,0%,0,1,0,0,0,0,2,1,2,0,0,1,0,0,0%,0,0,0,0,0,0,0,1,0,0%,0,0,0
Nicolò  Zaniolo ,0,0,0,0,0,0,0,0,0,0,0,0,7,0,24,2,0,208,8.32,3,19,47%,0,10,1,11,8,0,36,60,112,13,7,14,0,18,0%,0,0.08,1,0,1,0,0,27,10,37%,0,3,0
Kadan  Young ,0,0,0,0,0,0,0,0,0,0,0,0,0,0,0,0,0,0,0,0,0,0,0,0,0,0,0,0,0,0,0,0,0,0,0,0,0,0,0,0,0,0,0,0,0,0,0%,0,0,0
Ollie  Watkins ,0,0,0,0,0,0,0,0,0,0,0,0,17,1,128,59,26,"2,619",17.94,0,77,0,0,88,33,106,84,0,0,0,0,0,0,0,27,59,0,0,0.4,12,35,12,3,0,367,171,47%,19,65,81
Jhon  Durán ,0,0,0,0,0,0,0,0,0,0,0,0,6,0,21,5,0,140,4,0,8,0,0,5,3,11,8,0,0,0,0,0,0,0,0,8,0,0,0.14,0,0,5,0,0,27,9,33%,2,2,7
Moussa  Diaby ,0,0,0,0,0,0,0,0,0,0,0,0,1,0,16,6,8,569,14.97,0,12,0,0,15,9,5,2,0,0,0,0,0,0,0,13,45,0,0,0.16,0,3,3,0,0,54,23,43%,1,7,6
Morgan  Rogers ,0,0,0,0,0,0,0,0,0,0,0,0,3,0,12,3,1,188,17.09,0,8,0,0,3,3,8,6,0,0,0,0,0,0,0,1,2,0,0,0.27,0,2,1,0,0,11,5,45%,0,1,0
Darren  Randolph ,91,1,9,31,7,0,102,285,7,61,5,0,1,0,0,0,0,900,26.47,324,0,0,0,0,0,0,0,0,0,0,0,0,0,0,0,0,0,0,0,0,0,0,0,0,0,0,0,0,0,0
 Neto ,215,1,41,48,6,0,290,454,13,94,2,0,9,0,1,0,0,"1,598",27.08,362,0,0,0,0,0,0,0,0,0,0,0,0,0,0,0,0,0,0,0,0,0,0,0,0,0,0,0,0,0,0
Cameron  Plain ,0,0,0,0,0,0,0,0,0,0,0,0,0,0,0,0,0,0,0,0,0,0,0,0,0,0,0,0,0,0,0,0,0,0,0,0,0,0,0,0,0,0,0,0,0,0,0,0,0,0
Andrei  Radu ,5,0,1,2,0,0,10,11,0,7,0,0,0,0,0,0,0,58,29,8,0,0,0,0,0,0,0,0,0,0,0,0,0,0,0,0,0,0,0,0,0,0,0,0,0,0,0,0,0,0
Mark  Travers ,60,0,7,8,0,0,85,165,5,45,1,0,0,0,1,0,0,486,25.58,113,0,0,0,0,0,0,0,0,0,0,0,0,0,0,0,0,0,0,0,0,0,0,0,0,0,0,0,0,0,0
Callan  McKenna ,0,0,0,0,0,0,0,0,0,0,0,0,0,0,0,0,0,0,0,0,0,0,0,0,0,0,0,0,0,0,0,0,0,0,0,0,0,0,0,0,0,0,0,0,0,0,0,0,0,0
Ryan  Fredericks ,0,0,0,0,0,0,0,0,10,81,1,0,16,0,51,2,4,"1,800",24,51,134,66%,1,6,53,153,81,2,218,275,225,29,72,74,5,126,22%,1,0,0,2,0,0,0,0,0,0,0,0,2
Lloyd  Kelly ,0,0,0,0,0,0,0,0,10,85,1,0,7,0,41,0,3,"2,010",37.22,126,64,63%,0,3,46,173,71,1,294,164,134,5,75,58,2,41,22%,3,0,0,0,0,0,0,0,0,0,0,0,0
Chris  Mepham ,0,0,0,0,0,0,0,0,8,104,2,2,11,0,49,1,2,"2,281",37.39,107,86,52%,1,2,68,294,158,0,217,259,180,9,147,94,2,5,20%,0,0,0,1,0,0,0,0,0,0,0,0,1
Adam  Smith ,0,0,0,0,0,0,0,0,38,297,1,1,46,1,203,5,13,"6,725",32.18,236,385,70%,2,22,232,397,196,1,823,"1,014",862,165,178,231,16,285,28%,7,0,0,3,2,0,0,0,0,0,2,0,9
Marcos  Senesi ,0,0,0,0,0,0,0,0,8,99,0,0,20,0,70,6,5,"2,550",41.13,232,105,64%,2,1,78,245,118,0,332,211,211,19,68,63,3,33,39%,5,0,4,1,1,0,0,0,0,0,1,0,0
Illia  Zabarnyi ,0,0,0,0,0,0,0,0,8,72,1,0,5,0,25,1,0,"2,001",47.64,140,63,54%,1,2,36,152,68,0,171,175,125,10,78,64,0,1,0%,2,0,1,0,0,0,0,0,0,0,0,0,0
Max  Kinsey ,0,0,0,0,0,0,0,0,0,0,0,0,0,0,0,0,0,0,0,0,0,0%,0,0,0,0,0,0,0,0,0,0,0,0,0,0,0%,0,0,0,0,0,0,0,0,0,0,0,0,0
James  Hill ,0,0,0,0,0,0,0,0,0,1,0,0,0,0,1,0,0,34,6.8,3,3,67%,0,0,3,8,5,0,7,7,4,0,4,1,0,0,0%,0,0,0,0,0,0,0,0,0,0,0,0,0
Milos  Kerkez ,0,0,0,0,0,0,0,0,2,37,1,1,4,1,25,0,1,627,22.39,22,47,55%,0,5,20,56,23,0,93,98,88,12,18,32,3,55,20%,1,0,0,0,0,0,0,0,0,0,1,0,1
Max  Aarons ,0,0,0,0,0,0,0,0,10,174,0,1,16,0,68,0,4,"2,887",32.08,94,141,66%,1,13,73,165,63,4,407,404,383,96,41,111,10,136,21%,7,0,0,0,0,0,0,0,0,0,0,0,6
Lewis  Cook ,0,0,0,0,0,0,0,0,0,0,2,0,22,1,124,0,9,"4,659",34.26,273,215,59%,0,22,155,117,47,0,756,476,551,115,81,103,7,226,27%,15,0,0,0,0,0,0,54,10,19%,0,0,3
Ryan  Christie ,0,0,0,0,0,0,0,0,0,0,0,0,8,0,84,1,6,"1,834",26.58,110,120,55%,0,29,77,66,38,0,363,328,394,88,38,61,11,105,29%,23,0.01,0,0,1,0,0,76,22,29%,1,1,6
Marcus  Tavernier ,0,0,0,0,0,0,0,0,0,0,0,0,4,0,41,8,8,"1,356",25.58,45,86,65%,0,26,14,36,21,0,266,256,328,90,30,63,11,209,22%,8,0.15,0,1,7,0,0,90,31,34%,1,4,7
Philip  Billing ,0,0,0,0,0,0,0,0,0,0,3,0,26,1,138,12,4,"4,108",28.93,179,267,59%,0,42,188,224,139,0,631,769,629,86,312,179,16,149,17%,7,0.08,1,3,7,0,0,150,45,30%,5,6,8
Dominic  Sadi ,0,0,0,0,0,0,0,0,0,0,0,0,0,0,0,0,0,1,1,0,0,0%,0,0,0,0,0,0,0,0,1,0,0,1,0,0,0%,0,0,0,0,0,0,0,0,0,0%,0,0,0
Romain  Faivre ,0,0,0,0,0,0,0,0,0,0,0,0,1,0,2,0,0,23,4.6,0,1,100%,0,1,0,0,0,0,1,7,10,2,0,1,0,3,0%,0,0,0,0,0,0,0,2,0,0%,0,0,0
Alex  Scott ,0,0,0,0,0,0,0,0,0,0,1,0,3,0,20,1,1,432,18.78,15,24,63%,0,5,12,17,9,0,63,76,89,13,17,22,4,36,19%,2,0.04,0,0,1,0,0,15,4,27%,0,0,1
Tyler  Adams ,0,0,0,0,0,0,0,0,0,0,0,0,4,1,37,0,0,"1,396",51.7,45,93,53%,0,2,39,27,9,0,206,154,113,10,28,18,1,3,0%,1,0,0,0,0,0,0,4,0,0%,0,0,1
Dominic  Solanke ,0,0,0,0,0,0,0,0,0,0,0,0,6,0,112,29,13,"1,774",13.24,0,61,0,0,76,25,118,85,0,0,0,0,0,0,0,14,29,0,0,0.22,5,21,3,2,0,250,86,34%,8,31,33
Dango  Ouattara ,0,0,0,0,0,0,0,0,0,0,0,0,4,0,21,2,5,743,15.16,0,73,0,0,18,35,62,33,0,0,0,0,0,0,0,5,66,0,0,0.04,1,1,0,0,0,56,12,21%,0,5,12
Antoine  Semenyo ,0,0,0,0,0,0,0,0,0,0,0,0,6,0,49,9,2,643,14.61,0,25,0,0,21,8,24,15,0,0,0,0,0,0,0,6,46,0,0,0.2,0,4,5,0,0,73,32,44%,1,5,4
Justin  Kluivert ,0,0,0,0,0,0,0,0,0,0,0,0,5,0,52,7,1,381,11.91,0,28,0,0,22,8,10,3,0,0,0,0,0,0,0,1,29,0,0,0.22,0,5,2,0,0,56,20,36%,1,7,5
Luis  Sinisterra ,0,0,0,0,0,0,0,0,0,0,0,0,1,1,25,7,2,610,15.64,0,44,0,0,14,16,6,2,0,0,0,0,0,0,0,2,18,0,0,0.18,1,5,1,0,0,55,20,36%,2,3,9
Enes  Ünal ,0,0,0,0,0,0,0,0,0,0,0,0,1,0,10,2,2,72,4.5,0,6,0,0,5,1,6,3,0,0,0,0,0,0,0,2,3,0,0,0.12,1,1,0,0,0,23,11,48%,0,6,6
Thomas  Strakosha ,6,0,1,2,0,0,5,15,0,2,0,0,0,0,0,0,0,66,33,16,0,0,0,0,0,0,0,0,0,0,0,0,0,0,0,0,0,0,0,0,0,0,0,0,0,0,0,0,0,0
Mark  Flekken ,115,0,23,40,1,0,131,289,7,63,1,0,3,0,2,0,1,"1,446",39.08,321,0,0,0,0,0,0,0,0,0,0,0,0,0,0,0,0,0,0,0,0,0,0,0,0,0,0,0,0,0,0
Ellery  Balcombe ,0,0,0,0,0,0,0,0,0,0,0,0,0,0,0,0,0,0,0,0,0,0,0,0,0,0,0,0,0,0,0,0,0,0,0,0,0,0,0,0,0,0,0,0,0,0,0,0,0,0
Vincent  Angelini ,0,0,0,0,0,0,0,0,0,0,0,0,0,0,0,0,0,0,0,0,0,0,0,0,0,0,0,0,0,0,0,0,0,0,0,0,0,0,0,0,0,0,0,0,0,0,0,0,0,0
Hákon  Valdimarsson ,0,0,0,0,0,0,0,0,0,0,0,0,0,0,0,0,0,0,0,0,0,0,0,0,0,0,0,0,0,0,0,0,0,0,0,0,0,0,0,0,0,0,0,0,0,0,0,0,0,0
Aaron  Hickey ,0,0,0,0,0,0,0,0,1,42,0,0,12,0,30,0,1,979,27.97,36,54,65%,0,6,20,31,23,0,153,142,114,22,16,31,1,32,13%,3,0,0,0,0,0,0,0,0,0,0,0,1
Rico  Henry ,0,0,0,0,0,0,0,0,17,92,1,0,7,0,56,3,3,"2,152",28.32,84,92,61%,0,14,61,130,66,1,410,294,332,60,71,102,9,172,26%,4,0,2,0,1,0,0,0,0,0,0,0,5
Ethan  Pinnock ,0,0,0,0,0,0,0,0,22,123,3,1,2,0,19,6,1,"3,906",42.92,183,138,62%,3,9,122,529,302,0,395,550,245,17,362,177,3,38,18%,0,0,2,0,4,0,0,0,0,0,0,0,1
 Zanka ,0,0,0,0,0,0,0,0,20,145,1,1,20,0,108,5,3,"3,968",38.9,227,148,61%,0,8,183,413,199,2,458,367,371,9,178,181,4,22,18%,3,0,2,1,2,0,0,0,0,0,1,0,7
Ben  Mee ,0,0,0,0,0,0,0,0,75,365,7,5,45,1,163,14,6,"10,224",37.87,978,369,57%,7,24,389,"1,494",881,14,"1,479","1,524",966,58,954,636,14,86,19%,1,0,12,1,1,0,0,0,0,0,7,0,11
Kristoffer  Ajer ,0,0,0,0,0,0,0,0,9,78,1,0,10,0,42,3,4,"1,739",28.51,79,78,60%,1,8,58,166,75,1,205,265,167,26,129,65,9,45,20%,3,0,1,2,0,0,0,0,0,0,0,0,1
Mads  Roerslev ,0,0,0,0,0,0,0,0,10,79,0,0,2,0,32,2,3,"1,165",15.53,43,93,59%,1,3,44,119,57,1,184,171,214,18,35,64,8,117,32%,3,0,0,1,1,0,0,0,0,0,0,0,5
Nathan  Collins ,0,0,0,0,0,0,0,0,16,112,4,0,7,2,49,3,1,"3,227",41.91,182,102,49%,4,6,89,293,154,3,360,336,203,23,169,98,8,7,29%,3,0,2,1,0,0,0,0,0,0,0,0,8
Kim  Ji-Soo ,0,0,0,0,0,0,0,0,0,0,0,0,0,0,0,0,0,0,0,0,0,0%,0,0,0,0,0,0,0,0,0,0,0,0,0,0,0%,0,0,0,0,0,0,0,0,0,0,0,0,0
Valintino  Adedokun ,0,0,0,0,0,0,0,0,0,0,0,0,0,0,0,0,0,0,0,0,0,0%,0,0,0,0,0,0,0,0,0,0,0,0,0,0,0%,0,0,0,0,0,0,0,0,0,0,0,0,0
Benjamin  Fredrick ,0,0,0,0,0,0,0,0,0,0,0,0,0,0,0,0,0,0,0,0,0,0%,0,0,0,0,0,0,0,0,0,0,0,0,0,0,0%,0,0,0,0,0,0,0,0,0,0,0,0,0
Sergio  Reguilón ,0,0,0,0,0,0,0,0,16,84,2,1,16,1,62,2,10,"2,617",33.99,83,145,53%,1,20,84,118,57,0,329,350,321,57,80,88,15,247,27%,2,0,0,0,2,0,0,0,0,0,1,0,6
Benjamin  Arthur ,0,0,0,0,0,0,0,0,0,0,0,0,0,0,0,0,0,0,0,0,0,0%,0,0,0,0,0,0,0,0,0,0,0,0,0,0,0%,0,0,0,0,0,0,0,0,0,0,0,0,0
Christian  Nørgaard ,0,0,0,0,0,0,0,0,0,0,0,0,22,0,132,6,8,"3,899",44.31,164,242,58%,0,23,152,145,83,0,651,467,469,32,109,135,17,46,24%,16,0.07,3,2,1,0,0,81,26,32%,2,7,1
Mathias  Jensen ,0,0,0,0,0,0,0,0,0,0,0,0,10,0,79,8,10,"2,895",28.95,262,157,54%,0,13,77,58,15,0,398,288,420,58,24,44,17,350,36%,16,0.08,1,5,2,0,1,56,19,34%,1,4,6
Josh  Dasilva ,0,0,0,0,0,0,0,0,0,0,0,0,1,1,20,4,2,672,14,22,22,50%,0,8,6,12,5,0,91,98,96,41,9,9,3,43,21%,1,0.08,0,1,3,0,0,19,6,32%,0,1,0
Yoane  Wissa ,0,0,0,0,0,0,0,0,0,0,0,0,10,0,67,26,7,"1,040",10.2,26,57,60%,0,24,23,32,22,0,226,297,305,59,82,106,10,44,14%,9,0.25,4,15,7,0,0,131,54,41%,3,17,46
Frank  Onyeka ,0,0,0,0,0,0,0,0,0,0,0,0,12,0,72,1,4,941,14.04,32,81,68%,0,15,47,46,16,0,192,228,245,33,33,59,3,30,20%,2,0.01,0,1,0,0,0,47,18,38%,1,5,6
Bryan  Mbeumo ,0,0,0,0,0,0,0,0,0,0,0,0,11,0,69,22,21,"2,189",22.34,71,69,64%,0,41,31,43,21,0,358,369,607,110,87,214,24,323,27%,27,0.22,0,1,21,5,0,201,75,37%,12,29,22
Mikkel  Damsgaard ,0,0,0,0,0,0,0,0,0,0,0,0,6,0,27,0,2,765,15.61,34,60,63%,0,6,21,20,7,0,127,119,133,18,22,20,9,58,12%,15,0,0,0,0,0,0,21,10,48%,0,5,3
Shandon  Baptiste ,0,0,0,0,0,0,0,0,0,0,0,0,2,2,20,2,2,663,12.05,26,33,52%,0,7,21,26,15,0,124,103,110,31,16,31,3,22,32%,2,0.04,0,1,1,0,0,18,7,39%,0,0,2
Vitaly  Janelt ,0,0,0,0,0,0,0,0,0,0,1,0,14,0,75,8,4,"3,233",31.09,179,178,54%,0,21,93,110,42,0,491,381,283,30,101,75,8,121,28%,11,0.08,2,0,6,0,0,65,24,37%,1,4,8
Yehor  Yarmoliuk ,0,0,0,0,0,0,0,0,0,0,0,0,2,0,12,0,0,282,10.44,9,17,65%,0,3,6,5,2,0,50,49,47,17,9,10,0,14,7%,0,0,0,0,0,0,0,11,5,45%,0,2,1
Kevin  Schade ,0,0,0,0,0,0,0,0,0,0,0,0,2,0,23,2,2,244,8.41,0,15,60%,0,3,5,8,5,0,56,90,113,14,47,38,5,20,30%,2,0.07,0,2,0,0,0,20,8,40%,1,4,8
Ethan  Brierley ,0,0,0,0,0,0,0,0,0,0,0,0,0,0,0,0,0,0,0,0,0,0%,0,0,0,0,0,0,0,0,0,0,0,0,0,0,0%,0,0,0,0,0,0,0,0,0,0%,0,0,0
Ryan  Trevitt ,0,0,0,0,0,0,0,0,0,0,0,0,0,0,0,0,0,0,0,0,0,0%,0,0,0,0,0,0,0,0,0,0,0,0,0,0,0%,0,0,0,0,0,0,0,0,0,0%,0,0,0
Yunus  Konak ,0,0,0,0,0,0,0,0,0,0,0,0,0,0,0,0,0,0,0,0,0,0%,0,0,0,0,0,0,0,0,0,0,0,0,0,0,0%,0,0,0,0,0,0,0,0,0,0%,0,0,0
Ivan  Toney ,0,0,0,0,0,0,0,0,0,0,0,0,22,0,126,36,11,"1,860",21.88,0,71,0,0,51,38,94,76,0,0,0,0,0,0,0,25,84,0,0,0.42,4,29,3,11,3,233,94,40%,7,33,59
Keane  Lewis-Potter ,0,0,0,0,0,0,0,0,0,0,0,0,0,0,10,3,2,434,10.85,0,18,0,0,13,7,22,10,0,0,0,0,0,0,0,5,58,0,0,0.08,1,1,1,0,0,50,24,48%,2,14,4
Saman  Ghoddos ,0,0,0,0,0,0,0,0,0,0,0,0,7,0,28,2,1,627,12.29,0,47,0,0,6,12,21,8,0,0,0,0,0,0,0,4,70,0,0,0.04,0,2,0,0,0,18,6,33%,0,1,2
Neal  Maupay ,0,0,0,0,0,0,0,0,0,0,0,0,23,1,132,33,10,"2,566",16.04,0,78,0,0,89,26,19,8,0,0,0,0,0,0,0,18,42,0,0,0.21,4,21,8,5,0,302,115,38%,2,40,40
Jason  Steele ,83,1,6,17,1,0,119,115,8,59,0,1,1,0,1,0,1,"1,128",34.18,142,0,0,0,0,0,0,0,0,0,0,0,0,0,0,0,0,0,0,0,0,0,0,0,0,0,0,0,0,0,0
Tom  McGill ,0,0,0,0,0,0,0,0,0,0,0,0,0,0,0,0,0,0,0,0,0,0,0,0,0,0,0,0,0,0,0,0,0,0,0,0,0,0,0,0,0,0,0,0,0,0,0,0,0,0
Bart  Verbruggen ,65,0,6,17,5,0,117,72,4,28,2,0,3,0,1,0,0,743,35.38,91,0,0,0,0,0,0,0,0,0,0,0,0,0,0,0,0,0,0,0,0,0,0,0,0,0,0,0,0,0,0
Tariq  Lamptey ,0,0,0,0,0,0,0,0,5,71,0,0,12,1,78,1,7,"1,769",19.88,23,94,66%,0,13,69,51,25,1,255,314,285,71,21,62,11,212,22%,4,0,0,1,0,0,0,0,0,0,0,0,7
Adam  Webster ,0,0,0,0,0,0,0,0,27,148,3,3,17,0,72,6,1,"7,632",61.55,399,121,54%,2,12,144,345,192,0,617,545,332,44,337,175,3,16,25%,5,0,4,1,1,0,0,0,0,0,3,0,2
Lewis  Dunk ,0,0,0,0,0,0,0,0,63,331,3,6,39,5,149,16,6,"15,825",65.66,"1,127",246,57%,5,42,296,923,509,10,"1,535","1,013",647,34,626,344,7,23,22%,12,0,11,5,0,0,0,0,0,0,3,0,5
Jan  Paul van Hecke ,0,0,0,0,0,0,0,0,5,45,1,0,6,0,21,0,0,"2,645",73.47,94,55,58%,1,4,36,83,46,1,145,153,92,5,72,50,0,4,25%,3,0,0,0,0,0,0,0,0,0,1,0,0
Pervis  Estupiñán ,0,0,0,0,0,0,0,0,8,69,0,1,8,0,64,3,8,"2,441",45.2,46,87,51%,0,14,58,55,33,0,281,206,209,28,48,42,11,166,26%,6,0,0,0,3,0,0,0,0,0,0,0,16
Joël  Veltman ,0,0,0,0,0,0,0,0,23,127,1,0,19,0,117,4,4,"4,940",41.17,210,257,60%,1,12,115,246,111,0,523,605,399,40,154,106,8,139,24%,6,0,0,2,1,0,0,0,0,0,0,0,1
Odeluga  Offiah ,0,0,0,0,0,0,0,0,0,6,0,0,0,0,2,0,0,96,16,1,2,50%,0,0,1,1,1,0,7,10,7,5,1,2,0,3,0%,0,0,0,0,0,0,0,0,0,0,0,0,0
Igor  Julio ,0,0,0,0,0,0,0,0,2,26,0,0,4,0,21,0,0,"1,417",59.04,23,25,72%,0,2,14,45,18,1,105,71,56,16,26,14,1,1,0%,2,0,0,0,0,0,0,0,0,0,0,0,0
Ben  Jackson ,0,0,0,0,0,0,0,0,0,0,0,0,0,0,0,0,0,0,0,0,0,0%,0,0,0,0,0,0,0,0,0,0,0,0,0,0,0%,0,0,0,0,0,0,0,0,0,0,0,0,0
Leigh  Kavanagh ,0,0,0,0,0,0,0,0,0,0,0,0,0,0,0,0,0,0,0,0,0,0%,0,0,0,0,0,0,0,0,0,0,0,0,0,0,0%,0,0,0,0,0,0,0,0,0,0,0,0,0
Valentín  Barco ,0,0,0,0,0,0,0,0,0,9,1,0,1,0,7,0,0,187,31.17,3,11,45%,0,2,4,2,0,0,16,24,23,5,1,7,0,30,10%,2,0,0,0,0,0,0,0,0,0,0,0,0
Noël  Atom ,0,0,0,0,0,0,0,0,0,0,0,0,0,0,0,0,0,0,0,0,0,0%,0,0,0,0,0,0,0,0,0,0,0,0,0,0,0%,0,0,0,0,0,0,0,0,0,0,0,0,0
Solly  March ,0,0,0,0,0,0,0,0,0,0,0,0,10,0,183,14,18,"4,562",25.07,249,286,57%,0,71,134,146,62,0,708,805,879,246,119,213,37,711,23%,8,0.08,3,2,9,0,0,222,80,36%,4,18,48
Pascal  Groß ,0,0,0,0,0,0,0,0,0,0,1,0,25,0,159,30,45,"10,413",45.67,490,302,57%,0,84,112,129,46,0,862,596,837,72,110,240,73,"1,392",31%,40,0.13,2,20,8,6,1,247,93,38%,4,19,44
Adam  Lallana ,0,0,0,0,0,0,0,0,0,0,0,0,23,0,181,33,32,"9,065",31.15,189,401,70%,0,107,201,149,58,0,"1,125","1,093","1,318",249,154,296,32,514,20%,52,0.11,2,14,15,0,0,334,112,34%,9,25,62
Jakub  Moder ,0,0,0,0,0,0,0,0,0,0,0,0,4,0,39,0,3,"1,312",23.02,20,76,55%,0,19,15,39,16,0,182,157,198,27,35,54,7,62,15%,7,0,0,0,0,0,0,52,12,23%,4,6,4
Kaoru  Mitoma ,0,0,0,0,0,0,0,0,0,0,0,0,4,0,43,10,9,"1,511",29.06,0,57,0,0,18,22,16,5,0,0,0,0,0,0,0,15,85,0,0,0.19,3,7,0,0,0,86,36,42%,2,18,13
Billy  Gilmour ,0,0,0,0,0,0,0,0,0,0,0,0,11,1,63,0,3,"4,001",50.65,177,81,53%,0,24,40,51,20,0,317,199,244,28,33,53,5,137,33%,14,0,0,0,0,0,0,51,9,18%,1,0,1
Facundo  Buonanotte ,0,0,0,0,0,0,0,0,0,0,0,0,9,0,43,4,2,655,16.38,15,44,52%,0,11,12,7,3,0,91,125,184,25,8,20,4,13,38%,1,0.1,0,0,4,0,0,32,12,38%,2,2,6
Cameron  Peupion ,0,0,0,0,0,0,0,0,0,0,0,0,0,0,0,0,0,4,4,0,0,0%,0,1,0,0,0,0,0,1,0,0,1,0,0,0,0%,0,0,0,0,0,0,0,1,0,0%,0,0,0
Jack  Hinshelwood ,0,0,0,0,0,0,0,0,0,0,0,0,1,0,11,3,0,438,33.69,5,15,33%,0,1,14,16,8,0,33,25,33,0,7,8,1,10,20%,0,0.23,2,1,0,0,0,14,8,57%,1,3,1
James  Milner ,0,0,0,0,0,0,0,0,0,0,2,0,75,3,500,55,89,"18,787",29.63,987,903,76%,0,184,488,482,159,0,"2,004","2,063","2,458",331,393,567,52,"2,405",23%,119,0.09,1,38,8,17,4,530,158,30%,8,14,48
Kacper  Kozlowski ,0,0,0,0,0,0,0,0,0,0,0,0,0,0,0,0,0,0,0,0,0,0%,0,0,0,0,0,0,0,0,0,0,0,0,0,0,0%,0,0,0,0,0,0,0,0,0,0%,0,0,0
Carlos  Baleba ,0,0,0,0,0,0,0,0,0,0,2,0,7,0,40,0,0,773,28.63,18,40,50%,0,6,18,27,14,0,95,102,90,11,25,10,1,0,0%,0,0,0,0,0,0,0,21,5,24%,0,0,0
Samy  Chouchane ,0,0,0,0,0,0,0,0,0,0,0,0,0,0,0,0,0,0,0,0,0,0%,0,0,0,0,0,0,0,0,0,0,0,0,0,0,0%,0,0,0,0,0,0,0,0,0,0%,0,0,0
Danny  Welbeck ,0,0,0,0,0,0,0,0,0,0,0,0,17,0,194,67,27,"5,400",16.22,0,316,0,0,136,181,179,107,0,0,0,0,0,0,0,40,45,0,0,0.2,21,30,16,0,0,565,226,40%,12,93,60
Julio  Enciso ,0,0,0,0,0,0,0,0,0,0,0,0,3,0,19,4,4,409,12.78,0,19,0,0,14,4,4,3,0,0,0,0,0,0,0,7,20,0,0,0.12,1,3,0,0,0,66,26,39%,2,5,4
Evan  Ferguson ,0,0,0,0,0,0,0,0,0,0,0,0,2,0,33,12,2,527,11.21,0,20,0,0,12,4,14,9,0,0,0,0,0,0,0,1,4,0,0,0.26,1,8,3,0,0,69,37,54%,5,9,10
João  Pedro ,0,0,0,0,0,0,0,0,0,0,0,0,3,0,33,12,4,"1,331",21.47,0,51,0,0,43,26,42,26,0,0,0,0,0,0,0,14,56,0,0,0.19,4,8,0,4,0,123,42,34%,1,15,17
Simon  Adingra ,0,0,0,0,0,0,0,0,0,0,0,0,3,0,29,6,1,747,24.1,0,45,0,0,7,19,22,9,0,0,0,0,0,0,0,6,76,0,0,0.19,1,5,0,0,0,52,22,42%,1,4,17
Benicio  Baker-Boaitey ,0,0,0,0,0,0,0,0,0,0,0,0,1,0,2,0,0,19,3.8,0,0,0,0,1,0,1,1,0,0,0,0,0,0,0,0,0,0,0,0,0,0,0,0,0,1,0,0%,0,0,1
Ansu  Fati ,0,0,0,0,0,0,0,0,0,0,0,0,2,0,6,2,0,204,10.74,0,5,0,0,12,3,3,1,0,0,0,0,0,0,0,1,3,0,0,0.11,0,1,1,0,0,26,11,42%,0,4,2
Joshua  Duffus ,0,0,0,0,0,0,0,0,0,0,0,0,0,0,0,0,0,0,0,0,0,0,0,0,0,0,0,0,0,0,0,0,0,0,0,0,0,0,0,0,0,0,0,0,0,0,0%,0,0,0
Luca  Barrington ,0,0,0,0,0,0,0,0,0,0,0,0,0,0,0,0,0,0,0,0,0,0,0,0,0,0,0,0,0,0,0,0,0,0,0,0,0,0,0,0,0,0,0,0,0,0,0%,0,0,0
Arijanet  Muric ,64,1,4,19,0,0,54,33,0,16,2,1,0,0,0,0,0,526,52.6,106,0,0,0,0,0,0,0,0,0,0,0,0,0,0,0,0,0,0,0,0,0,0,0,0,0,0,0,0,0,0
Lawrence  Vigouroux ,0,0,0,0,0,0,0,0,0,0,0,0,0,0,0,0,0,0,0,0,0,0,0,0,0,0,0,0,0,0,0,0,0,0,0,0,0,0,0,0,0,0,0,0,0,0,0,0,0,0
James  Trafford ,106,0,20,25,2,0,162,198,2,62,1,0,2,0,0,0,0,"1,368",48.86,182,0,0,0,0,0,0,0,0,0,0,0,0,0,0,0,0,0,0,0,0,0,0,0,0,0,0,0,0,0,0
Charlie  Taylor ,0,0,0,0,0,0,0,0,34,230,1,0,20,0,85,1,7,"5,226",32.46,317,237,54%,2,7,190,396,221,2,802,823,571,129,278,201,13,513,20%,0,0,0,0,1,0,0,0,0,0,0,0,6
Hjalmar  Ekdal ,0,0,0,0,0,0,0,0,0,8,0,0,2,0,8,0,0,217,27.12,6,4,50%,0,0,6,21,8,0,26,12,21,2,4,9,0,0,0%,0,0,0,0,0,0,0,0,0,0,0,0,0
 Vitinho ,0,0,0,0,0,0,0,0,2,44,1,0,1,0,27,0,2,756,23.62,26,64,53%,1,12,12,43,16,0,109,136,143,25,20,22,1,56,9%,4,0,0,0,0,0,0,0,0,0,0,0,6
Ameen  Al Dakhil ,0,0,0,0,0,0,0,0,0,26,1,1,1,0,6,1,0,598,46,20,12,42%,0,3,12,34,25,0,50,33,46,3,14,23,0,3,33%,2,0,0,0,1,0,0,0,0,0,0,0,0
Jordan  Beyer ,0,0,0,0,0,0,0,0,2,23,1,0,6,0,11,0,1,855,57,47,35,57%,1,3,16,68,39,0,57,73,50,4,29,26,1,0,0%,1,0,0,0,0,0,0,0,0,0,0,0,0
Dara  O'Shea ,0,0,0,0,0,0,0,0,4,122,0,1,8,1,49,3,4,"2,542",41.67,199,84,54%,1,4,80,255,141,1,241,319,207,6,199,110,3,22,18%,3,0,3,0,0,0,0,0,0,0,0,0,1
Hannes  Delcroix ,0,0,0,0,0,0,0,0,0,25,0,0,2,0,6,0,0,318,26.5,12,10,60%,1,0,9,23,7,0,29,21,21,3,8,10,0,5,40%,0,0,0,0,0,0,0,0,0,0,0,0,0
Maxime  Esteve ,0,0,0,0,0,0,0,0,0,28,0,0,6,0,25,0,0,810,50.62,24,27,37%,1,2,27,55,25,0,62,70,64,1,27,25,0,5,20%,1,0,0,0,0,0,0,0,0,0,0,0,0
Lorenz  Assignon ,0,0,0,0,0,0,0,0,0,30,0,0,3,1,33,1,2,352,23.47,3,35,49%,0,4,19,41,19,0,67,77,93,13,13,17,3,29,17%,0,0,0,1,0,0,0,0,0,0,0,0,1
Jack  Cork ,0,0,0,0,0,0,0,0,0,0,1,0,38,0,267,9,9,"12,156",39.99,633,514,68%,0,50,434,525,228,0,"1,752","1,453","1,517",196,452,531,11,165,18%,34,0.03,4,3,2,0,0,149,44,30%,2,6,14
Jóhann  Gudmundsson ,0,0,0,0,0,0,0,0,0,0,0,0,11,0,77,10,21,"2,947",18.19,138,141,55%,0,44,136,142,54,0,594,488,584,92,141,184,19,584,31%,10,0.06,2,0,8,0,0,167,56,34%,13,8,12
Josh  Brownhill ,0,0,0,0,0,0,0,0,0,0,0,0,18,1,119,6,6,"3,655",32.93,147,193,55%,0,27,185,134,62,0,561,484,405,44,168,137,2,129,28%,6,0.05,0,2,4,0,0,97,27,28%,1,2,4
Josh  Cullen ,0,0,0,0,0,0,0,0,0,0,0,0,9,0,24,2,3,"1,345",48.04,35,42,69%,0,7,17,25,7,0,142,113,83,3,21,24,3,26,38%,5,0.07,0,1,1,0,0,16,5,31%,0,0,0
Nathan  Redmond ,0,0,0,0,0,0,0,0,0,0,1,0,14,1,204,28,26,"7,182",26.02,287,304,63%,0,130,132,98,30,0,"1,099","1,094","1,360",478,93,245,51,616,24%,35,0.1,1,23,3,0,0,451,150,33%,16,18,56
Sander  Berge ,0,0,0,0,0,0,0,0,0,0,2,0,12,1,72,3,4,"2,351",35.62,111,114,60%,0,12,37,89,55,0,326,312,261,55,117,80,8,57,9%,7,0.05,0,3,0,1,0,40,7,18%,1,3,5
Aaron  Ramsey ,0,0,0,0,0,0,0,0,0,0,0,0,1,0,7,0,0,146,10.43,7,17,82%,0,1,1,10,1,0,24,27,36,3,4,5,1,2,0%,1,0,0,0,0,0,0,6,2,33%,0,0,1
Han-Noah  Massengo ,0,0,0,0,0,0,0,0,0,0,0,0,0,0,0,0,0,9,3,0,1,100%,0,0,0,0,0,0,1,1,1,0,0,1,0,2,0%,0,0,0,0,0,0,0,0,0,0,0,0,0
Jay  Rodríguez ,0,0,0,0,0,0,0,0,0,0,0,0,16,0,234,46,17,"3,613",14,0,212,0,0,113,89,135,92,0,0,0,0,0,0,0,20,146,0,0,0.18,10,28,7,3,0,470,168,36%,13,48,136
Lyle  Foster ,0,0,0,0,0,0,0,0,0,0,0,0,0,1,24,5,3,452,18.83,0,19,0,0,4,3,33,21,0,0,0,0,0,0,0,1,3,0,0,0.21,0,3,2,0,0,34,17,50%,0,6,14
Benson  Manuel ,0,0,0,0,0,0,0,0,0,0,0,0,0,0,1,0,0,47,5.88,0,3,0,0,0,0,0,0,0,0,0,0,0,0,0,0,9,0,0,0,0,0,0,0,0,4,2,50%,0,0,0
Enock  Agyei ,0,0,0,0,0,0,0,0,0,0,0,0,0,0,0,0,0,0,0,0,0,0,0,0,0,0,0,0,0,0,0,0,0,0,0,0,0,0,0,0,0,0,0,0,0,0,0%,0,0,0
Zeki  Amdouni ,0,0,0,0,0,0,0,0,0,0,0,0,2,0,22,5,1,488,14.35,0,27,0,0,10,9,10,7,0,0,0,0,0,0,0,2,8,0,0,0.15,0,3,2,1,0,49,22,45%,1,6,2
Luca  Koleosho ,0,0,0,0,0,0,0,0,0,0,0,0,0,0,18,1,1,246,16.4,0,7,0,0,6,2,0,0,0,0,0,0,0,0,0,2,23,0,0,0.07,0,1,0,0,0,23,5,22%,1,3,8
Jacob  Bruun Larsen ,0,0,0,0,0,0,0,0,0,0,0,0,1,0,13,6,0,457,14.28,0,9,0,0,15,7,21,7,0,0,0,0,0,0,0,1,62,0,0,0.19,0,4,2,1,0,44,16,36%,0,4,11
Wilson  Odobert ,0,0,0,0,0,0,0,0,0,0,0,0,3,0,9,3,2,545,18.79,0,17,0,0,16,6,12,3,0,0,0,0,0,0,0,7,35,0,0,0.1,0,2,1,0,0,49,14,29%,0,2,1
Mike  Trésor ,0,0,0,0,0,0,0,0,0,0,0,0,0,0,0,0,0,146,9.12,0,10,0,0,1,1,1,1,0,0,0,0,0,0,0,1,32,0,0,0,0,0,0,0,0,5,0,0%,0,1,2
David  Datro Fofana ,0,0,0,0,0,0,0,0,0,0,0,0,1,0,20,4,1,176,9.78,0,13,0,0,2,1,2,2,0,0,0,0,0,0,0,3,4,0,0,0.22,1,3,0,0,0,22,12,55%,0,5,10
Marcus  Bettinelli ,20,1,8,1,1,0,32,67,0,20,0,0,2,0,0,0,0,211,30.14,66,0,0,0,0,0,0,0,0,0,0,0,0,0,0,0,0,0,0,0,0,0,0,0,0,0,0,0,0,0,0
Eddie  Beach ,0,0,0,0,0,0,0,0,0,0,0,0,0,0,0,0,0,0,0,0,0,0,0,0,0,0,0,0,0,0,0,0,0,0,0,0,0,0,0,0,0,0,0,0,0,0,0,0,0,0
Robert  Sánchez ,268,2,20,100,16,0,494,633,30,124,3,0,10,1,4,0,0,"3,510",34.08,552,0,0,0,0,0,0,0,0,0,0,0,0,0,0,0,0,0,0,0,0,0,0,0,0,0,0,0,0,0,0
Djordje  Petrovic ,75,0,8,18,2,0,97,149,5,38,2,0,2,0,0,0,0,707,30.74,93,0,0,0,0,0,0,0,0,0,0,0,0,0,0,0,0,0,0,0,0,0,0,0,0,0,0,0,0,0,0
Ted  Curd ,0,0,0,0,0,0,0,0,0,0,0,0,0,0,0,0,0,0,0,0,0,0,0,0,0,0,0,0,0,0,0,0,0,0,0,0,0,0,0,0,0,0,0,0,0,0,0,0,0,0
Max  Merrick ,0,0,0,0,0,0,0,0,0,0,0,0,0,0,0,0,0,0,0,0,0,0,0,0,0,0,0,0,0,0,0,0,0,0,0,0,0,0,0,0,0,0,0,0,0,0,0,0,0,0
Teddy  Sharman-Lowe ,0,0,0,0,0,0,0,0,0,0,0,0,0,0,0,0,0,0,0,0,0,0,0,0,0,0,0,0,0,0,0,0,0,0,0,0,0,0,0,0,0,0,0,0,0,0,0,0,0,0
Benoît  Badiashile ,0,0,0,0,0,0,0,0,7,40,1,1,5,0,26,1,1,"2,020",69.66,75,35,66%,0,4,34,98,56,1,158,111,80,1,63,36,3,4,0%,2,0,0,0,1,0,0,0,0,0,0,0,1
Thiago  Silva ,0,0,0,0,0,0,0,0,32,125,3,0,11,1,45,8,3,"8,872",78.51,498,122,61%,1,19,137,436,223,8,635,399,202,13,219,109,4,11,18%,2,0,7,1,0,0,0,0,0,0,3,0,2
Trevoh  Chalobah ,0,0,0,0,0,0,0,0,15,47,1,1,7,0,33,4,1,"3,172",54.69,105,87,68%,1,3,51,146,74,1,206,213,156,19,83,83,0,17,12%,4,0,3,1,0,0,0,0,0,0,1,0,0
Ben  Chilwell ,0,0,0,0,0,0,0,0,39,175,1,0,21,1,138,12,18,"7,443",44.04,215,243,62%,1,27,167,362,199,1,784,930,789,145,344,268,19,640,20%,10,0,0,2,10,0,0,0,0,0,3,0,25
Reece  James ,0,0,0,0,0,0,0,0,20,101,0,1,12,3,86,7,16,"5,210",48.24,209,169,66%,0,39,71,110,69,0,473,516,389,131,124,110,29,480,23%,6,0,0,6,1,0,0,0,0,0,4,0,12
Marc  Cucurella ,0,0,0,0,0,0,0,0,16,92,1,1,20,0,67,1,5,"4,048",50.6,100,221,60%,2,10,68,135,61,3,463,422,286,37,81,66,6,175,26%,6,0,0,0,1,0,0,0,0,0,0,0,5
Wesley  Fofana ,0,0,0,0,0,0,0,0,9,61,2,0,13,0,57,1,0,"3,216",61.85,107,97,67%,2,2,102,155,89,0,301,329,211,28,147,94,0,5,20%,1,0,1,0,0,0,0,0,0,0,2,0,3
Alfie  Gilchrist ,0,0,0,0,0,0,0,0,0,6,0,0,1,0,4,1,0,123,11.18,1,4,0%,0,1,3,9,5,0,9,7,13,1,2,4,0,1,0%,0,0,0,1,0,0,0,0,0,0,0,0,0
Levi  Colwill ,0,0,0,0,0,0,0,0,7,47,0,0,3,0,33,1,3,"2,201",55.02,87,56,66%,2,4,41,101,58,0,170,178,96,10,89,38,4,13,0%,6,0,1,0,0,0,0,0,0,0,0,0,4
Malo  Gusto ,0,0,0,0,0,0,0,0,2,27,0,0,7,1,22,0,6,"1,218",45.11,30,55,49%,0,2,17,37,16,0,126,110,89,17,8,19,8,64,27%,2,0,0,0,0,0,0,0,0,0,0,0,6
Malang  Sarr ,0,0,0,0,0,0,0,0,2,7,0,0,2,0,8,0,0,467,58.38,14,14,50%,1,0,11,19,11,0,36,28,22,0,13,7,1,4,25%,2,0,0,0,0,0,0,0,0,0,0,0,0
Axel  Disasi ,0,0,0,0,0,0,0,0,5,50,0,1,6,0,17,2,0,"2,198",70.9,45,33,58%,1,1,18,97,51,0,150,134,71,12,73,33,0,10,10%,3,0,1,1,0,0,0,0,0,0,0,0,4
Ishé  Samuels-Smith ,0,0,0,0,0,0,0,0,0,0,0,0,0,0,0,0,0,0,0,0,0,0%,0,0,0,0,0,0,0,0,0,0,0,0,0,0,0%,0,0,0,0,0,0,0,0,0,0,0,0,0
Josh  Brooking ,0,0,0,0,0,0,0,0,0,0,0,0,0,0,0,0,0,0,0,0,0,0%,0,0,0,0,0,0,0,0,0,0,0,0,0,0,0%,0,0,0,0,0,0,0,0,0,0,0,0,0
Dylan  Williams ,0,0,0,0,0,0,0,0,0,0,0,0,0,0,0,0,0,0,0,0,0,0%,0,0,0,0,0,0,0,0,0,0,0,0,0,0,0%,0,0,0,0,0,0,0,0,0,0,0,0,0
Harrison  Murray-Campbell ,0,0,0,0,0,0,0,0,0,0,0,0,0,0,0,0,0,0,0,0,0,0%,0,0,0,0,0,0,0,0,0,0,0,0,0,0,0%,0,0,0,0,0,0,0,0,0,0,0,0,0
Josh  Acheampong ,0,0,0,0,0,0,0,0,0,0,0,0,0,0,0,0,0,1,1,0,0,0%,0,0,0,0,0,0,1,0,1,0,0,1,0,0,0%,0,0,0,0,0,0,0,0,0,0,0,0,0
Zak  Sturge ,0,0,0,0,0,0,0,0,0,0,0,0,0,0,0,0,0,0,0,0,0,0%,0,0,0,0,0,0,0,0,0,0,0,0,0,0,0%,0,0,0,0,0,0,0,0,0,0,0,0,0
Enzo  Fernández ,0,0,0,0,0,0,0,0,0,0,0,0,10,0,44,3,4,"3,216",69.91,262,95,52%,0,19,33,37,15,0,240,216,216,40,28,33,8,59,17%,32,0.07,1,2,0,1,0,67,19,28%,3,6,5
Mykhailo  Mudryk ,0,0,0,0,0,0,0,0,0,0,0,0,6,0,30,5,4,661,14.37,18,32,66%,0,9,9,8,4,0,85,135,165,52,12,22,6,103,19%,6,0.11,0,3,2,0,0,49,17,35%,1,9,2
Conor  Gallagher ,0,0,0,0,0,0,0,0,0,0,0,0,37,2,226,18,13,"4,678",34.4,161,280,58%,0,43,122,94,42,0,686,731,790,135,90,131,22,307,25%,9,0.13,1,15,2,0,0,157,58,37%,7,12,5
Carney  Chukwuemeka ,0,0,0,0,0,0,0,0,0,0,0,0,2,0,10,1,2,462,12.49,8,28,50%,0,7,8,4,1,0,50,68,72,14,10,22,1,4,50%,2,0.03,0,1,0,0,0,13,4,31%,2,1,1
Lesley  Ugochukwu ,0,0,0,0,0,0,0,0,0,0,0,0,2,0,4,0,0,183,15.25,5,14,71%,0,0,1,5,3,0,12,28,15,3,9,2,0,0,0%,0,0,0,0,0,0,0,0,0,0%,0,0,0
Moisés  Caicedo ,0,0,0,0,0,0,0,0,0,0,2,0,23,0,122,3,5,"4,580",57.25,184,207,51%,0,24,103,65,32,0,504,458,341,61,77,57,7,27,30%,24,0.04,0,3,0,0,0,51,16,31%,2,0,1
Roméo  Lavia ,0,0,0,0,0,0,0,0,0,0,1,0,9,0,29,1,0,"1,018",33.93,47,61,57%,0,6,33,24,5,0,187,145,114,28,8,10,0,3,67%,5,0.03,0,1,0,0,0,12,3,25%,0,0,0
Cole  Palmer ,0,0,0,0,0,0,0,0,0,0,0,0,8,0,26,22,12,"1,543",29.67,74,30,47%,0,41,22,13,3,0,128,135,156,68,4,7,19,91,20%,28,0.42,2,3,17,9,0,124,51,41%,1,8,7
Leo  Castledine ,0,0,0,0,0,0,0,0,0,0,0,0,0,0,0,0,0,0,0,0,0,0%,0,0,0,0,0,0,0,0,0,0,0,0,0,0,0%,0,0,0,0,0,0,0,0,0,0%,0,0,0
Michael  Golding ,0,0,0,0,0,0,0,0,0,0,0,0,0,0,0,0,0,0,0,0,0,0%,0,0,0,0,0,0,0,0,0,0,0,0,0,0,0%,0,0,0,0,0,0,0,0,0,0%,0,0,0
Cesare  Casadei ,0,0,0,0,0,0,0,0,0,0,0,0,0,0,4,0,0,65,5.91,2,5,60%,0,0,0,4,1,0,1,20,11,2,12,5,0,0,0%,0,0,0,0,0,0,0,0,0,0%,0,0,0
Ollie  Harrison ,0,0,0,0,0,0,0,0,0,0,0,0,0,0,0,0,0,0,0,0,0,0%,0,0,0,0,0,0,0,0,0,0,0,0,0,0,0%,0,0,0,0,0,0,0,0,0,0%,0,0,0
Billy  Gee ,0,0,0,0,0,0,0,0,0,0,0,0,0,0,0,0,0,0,0,0,0,0%,0,0,0,0,0,0,0,0,0,0,0,0,0,0,0%,0,0,0,0,0,0,0,0,0,0%,0,0,0
Jimi  Tauriainen ,0,0,0,0,0,0,0,0,0,0,0,0,0,0,0,0,0,0,0,0,0,0%,0,0,0,0,0,0,0,0,0,0,0,0,0,0,0%,0,0,0,0,0,0,0,0,0,0%,0,0,0
Kiano  Dyer ,0,0,0,0,0,0,0,0,0,0,0,0,0,0,0,0,0,0,0,0,0,0%,0,0,0,0,0,0,0,0,0,0,0,0,0,0,0%,0,0,0,0,0,0,0,0,0,0%,0,0,0
Raheem  Sterling ,0,0,0,0,0,0,0,0,0,0,0,0,44,1,407,123,63,"11,501",30.35,0,338,0,0,214,167,69,31,0,0,0,0,0,0,0,87,689,0,0,0.32,11,79,33,3,2,764,317,41%,28,116,135
Noni  Madueke ,0,0,0,0,0,0,0,0,0,0,0,0,2,0,12,6,2,714,20.4,0,28,0,0,12,8,19,12,0,0,0,0,0,0,0,2,41,0,0,0.17,1,1,4,1,0,44,19,43%,1,0,5
Christopher  Nkunku ,0,0,0,0,0,0,0,0,0,0,0,0,0,0,8,3,0,177,16.09,0,5,0,0,3,2,4,1,0,0,0,0,0,0,0,0,4,0,0,0.27,1,1,1,0,0,16,9,56%,0,3,3
Nicolas  Jackson ,0,0,0,0,0,0,0,0,0,0,0,0,10,0,28,14,5,658,18.8,0,21,0,0,17,4,17,12,0,0,0,0,0,0,0,8,5,0,0,0.4,3,8,3,0,0,80,41,51%,3,24,28
Diego  Moreira ,0,0,0,0,0,0,0,0,0,0,0,0,0,0,0,0,0,0,0,0,0,0,0,0,0,0,0,0,0,0,0,0,0,0,0,0,0,0,0,0,0,0,0,0,0,0,0%,0,0,0
Deivid  Washington ,0,0,0,0,0,0,0,0,0,0,0,0,0,0,0,0,0,1,0.5,0,1,0,0,0,0,0,0,0,0,0,0,0,0,0,0,0,0,0,0,0,0,0,0,0,1,0,0%,0,0,0
Ronnie  Stutter ,0,0,0,0,0,0,0,0,0,0,0,0,0,0,0,0,0,0,0,0,0,0,0,0,0,0,0,0,0,0,0,0,0,0,0,0,0,0,0,0,0,0,0,0,0,0,0%,0,0,0
 ,0,0,0,0,0,0,0,0,0,0,0,0,0,0,0,0,0,0,0,0,0,0,0,0,0,0,0,0,0,0,0,0,0,0,0,0,0,0,0,0,0,0,0,0,0,0,0,0,0,0
Tyrique  George ,0,0,0,0,0,0,0,0,0,0,0,0,0,0,0,0,0,0,0,0,0,0,0,0,0,0,0,0,0,0,0,0,0,0,0,0,0,0,0,0,0,0,0,0,0,0,0%,0,0,0
 ,0,0,0,0,0,0,0,0,0,0,0,0,0,0,0,0,0,0,0,0,0,0,0,0,0,0,0,0,0,0,0,0,0,0,0,0,0,0,0,0,0,0,0,0,0,0,0,0,0,0
 ,0,0,0,0,0,0,0,0,0,0,0,0,0,0,0,0,0,0,0,0,0,0,0,0,0,0,0,0,0,0,0,0,0,0,0,0,0,0,0,0,0,0,0,0,0,0,0,0,0,0
 ,0,0,0,0,0,0,0,0,0,0,0,0,0,0,0,0,0,0,0,0,0,0,0,0,0,0,0,0,0,0,0,0,0,0,0,0,0,0,0,0,0,0,0,0,0,0,0,0,0,0
Dean  Henderson ,250,3,42,44,15,0,331,616,27,106,5,1,9,0,1,0,0,"2,184",25.69,473,0,0,0,0,0,0,0,0,0,0,0,0,0,0,0,0,0,0,0,0,0,0,0,0,0,0,0,0,0,0
Joel  Ward ,0,0,0,0,0,0,0,0,71,422,3,2,50,0,305,5,7,"10,469",34.1,527,662,76%,2,35,475,"1,120",645,4,"1,485","1,695","1,206",149,607,413,11,535,17%,4,0,2,1,2,0,0,0,0,0,3,0,6
Tyrick  Mitchell ,0,0,0,0,0,0,0,0,30,172,0,0,14,1,80,3,8,"4,589",34.77,165,349,58%,3,10,131,283,106,2,733,550,399,63,86,105,9,232,26%,2,0,0,0,2,0,0,0,0,0,0,0,5
James  Tomkins ,0,0,0,0,0,0,0,0,60,371,7,0,50,3,180,14,7,"8,903",30.81,801,463,70%,17,28,457,"2,109",964,4,"1,067","1,493",856,27,853,494,9,51,33%,4,0,8,4,2,0,0,0,0,0,7,0,8
Marc  Guéhi ,0,0,0,0,0,0,0,0,22,121,2,1,14,0,52,3,2,"5,846",59.65,394,115,55%,2,11,93,346,169,2,553,399,227,33,151,126,3,6,0%,5,0,0,2,1,0,0,0,0,0,0,0,0
Joachim  Andersen ,0,0,0,0,0,0,0,0,36,167,4,3,26,1,128,4,7,"8,383",62.1,836,161,61%,1,10,145,662,362,2,697,587,378,35,332,173,8,61,23%,13,0,1,3,0,0,0,0,0,0,1,0,5
 ,0,0,0,0,0,0,0,0,0,0,0,0,0,0,0,0,0,0,0,0,0,0,0,0,0,0,0,0,0,0,0,0,0,0,0,0,0,0,0,0,0,0,0,0,0,0,0,0,0,0
Chris  Richards ,0,0,0,0,0,0,0,0,5,49,0,0,3,0,14,1,1,"1,117",31.91,45,56,59%,0,3,35,136,83,0,103,138,80,1,74,48,2,1,0%,1,0,1,0,0,0,0,0,0,0,0,0,2
Nathan  Ferguson ,0,0,0,0,0,0,0,0,0,0,0,0,0,0,0,0,0,3,3,0,0,0%,0,0,0,0,0,0,0,0,0,0,0,0,0,0,0%,0,0,0,0,0,0,0,0,0,0,0,0,0
 ,0,0,0,0,0,0,0,0,0,0,0,0,0,0,0,0,0,0,0,0,0,0,0,0,0,0,0,0,0,0,0,0,0,0,0,0,0,0,0,0,0,0,0,0,0,0,0,0,0,0
Rob  Holding ,0,0,0,0,0,0,0,0,22,97,0,1,12,1,68,2,1,"4,749",48.46,238,110,60%,3,6,85,353,207,1,412,370,307,26,215,161,0,5,60%,2,0,1,1,0,0,0,0,0,0,1,0,2
Daniel  Muñoz ,0,0,0,0,0,0,0,0,4,22,0,0,4,0,30,0,4,566,35.38,9,55,64%,1,3,24,34,14,0,76,102,95,13,26,28,5,11,9%,0,0,0,0,0,0,0,0,0,0,0,0,8
Danny  Imray ,0,0,0,0,0,0,0,0,0,0,0,0,0,0,0,0,0,0,0,0,0,0%,0,0,0,0,0,0,0,0,0,0,0,0,0,0,0%,0,0,0,0,0,0,0,0,0,0,0,0,0
 ,0,0,0,0,0,0,0,0,0,0,0,0,0,0,0,0,0,0,0,0,0,0,0,0,0,0,0,0,0,0,0,0,0,0,0,0,0,0,0,0,0,0,0,0,0,0,0,0,0,0
Eberechi  Eze ,0,0,0,0,0,0,0,0,0,0,1,0,10,0,77,26,15,"3,234",28.88,97,114,54%,0,65,53,20,9,0,532,571,545,218,50,98,19,298,30%,20,0.23,2,18,6,2,2,201,74,37%,3,6,16
Jeffrey  Schlupp ,0,0,0,0,0,0,0,0,0,0,1,0,26,0,233,22,14,"5,347",19.95,224,456,66%,0,69,244,311,166,0,965,"1,246","1,308",281,312,401,21,269,18%,10,0.08,2,4,16,0,0,228,73,32%,2,15,3
Will  Hughes ,0,0,0,0,0,0,0,0,0,0,0,0,30,0,202,6,11,"3,906",26.04,70,300,57%,0,33,123,91,35,0,616,648,648,78,79,136,12,177,24%,10,0.04,0,1,4,0,0,90,21,23%,0,5,3
Cheick  Doucouré ,0,0,0,0,0,0,0,0,0,0,0,0,11,1,48,0,3,"1,660",36.89,57,111,57%,0,14,76,56,22,0,294,185,157,25,35,38,4,7,29%,8,0,0,0,0,0,0,42,9,21%,1,0,0
Naouirou  Ahamada ,0,0,0,0,0,0,0,0,0,0,0,0,3,1,11,0,0,223,7.96,9,16,69%,0,4,2,4,1,0,38,33,44,8,4,4,0,8,0%,0,0,0,0,0,0,0,12,2,17%,0,0,3
Jairo  Riedewald ,0,0,0,0,0,0,0,0,0,0,0,0,4,0,33,2,0,"1,316",16.45,51,71,54%,0,5,61,61,24,0,200,132,115,26,24,22,2,15,27%,1,0.02,0,0,2,0,0,14,2,14%,0,1,0
Jefferson  Lerma ,0,0,0,0,0,0,0,0,0,0,1,0,38,1,165,9,3,"5,771",45.09,252,191,62%,0,22,194,286,174,0,936,670,565,71,264,200,11,35,20%,18,0.07,2,6,1,0,0,130,31,24%,5,6,10
Jesurun  Rak-Sakyi ,0,0,0,0,0,0,0,0,0,0,0,0,0,0,2,0,0,71,8.88,1,4,25%,0,4,4,1,0,0,12,18,18,4,3,2,0,5,20%,0,0,0,0,0,0,0,5,1,20%,0,0,0
Jack  Wells-Morrison ,0,0,0,0,0,0,0,0,0,0,0,0,0,0,0,0,0,0,0,0,0,0%,0,0,0,0,0,0,0,0,0,0,0,0,0,0,0%,0,0,0,0,0,0,0,0,0,0%,0,0,0
David  Ozoh ,0,0,0,0,0,0,0,0,0,0,0,0,1,0,2,0,0,54,5.4,0,10,60%,0,0,0,2,1,0,8,14,14,1,3,5,0,0,0%,0,0,0,0,0,0,0,0,0,0%,0,0,0
Jadan  Raymond ,0,0,0,0,0,0,0,0,0,0,0,0,0,0,0,0,0,0,0,0,0,0%,0,0,0,0,0,0,0,0,0,0,0,0,0,0,0%,0,0,0,0,0,0,0,0,0,0%,0,0,0
Adam  Wharton ,0,0,0,0,0,0,0,0,0,0,1,0,2,0,18,0,3,563,35.19,28,48,67%,0,3,20,24,8,0,76,79,66,3,8,12,5,25,32%,3,0,0,0,0,0,0,10,1,10%,0,0,0
Kaden  Rodney ,0,0,0,0,0,0,0,0,0,0,0,0,0,0,0,0,0,0,0,0,0,0%,0,0,0,0,0,0,0,0,0,0,0,0,0,0,0%,0,0,0,0,0,0,0,0,0,0%,0,0,0
Justin  Devenny ,0,0,0,0,0,0,0,0,0,0,0,0,0,0,0,0,0,0,0,0,0,0%,0,0,0,0,0,0,0,0,0,0,0,0,0,0,0%,0,0,0,0,0,0,0,0,0,0%,0,0,0
Jordan  Ayew ,0,0,0,0,0,0,0,0,0,0,0,0,36,3,396,37,25,"5,888",21.49,0,438,0,0,122,138,120,71,0,0,0,0,0,0,0,27,392,0,0,0.14,8,24,5,2,0,363,125,34%,10,23,60
Jean-Philippe  Mateta ,0,0,0,0,0,0,0,0,0,0,0,0,8,0,70,24,6,836,8.99,0,38,0,0,21,11,47,34,0,0,0,0,0,0,0,6,30,0,0,0.26,3,15,6,2,0,114,56,49%,1,14,50
Odsonne  Édouard ,0,0,0,0,0,0,0,0,0,0,0,0,11,0,84,18,5,"1,159",12.46,0,65,0,0,39,9,58,43,0,0,0,0,0,0,0,4,21,0,0,0.19,1,8,9,1,0,130,52,40%,6,16,26
Matheus  França ,0,0,0,0,0,0,0,0,0,0,0,0,1,0,6,0,1,65,6.5,3,3,100%,0,2,1,1,0,0,17,10,33,4,1,5,1,14,21%,0,0,0,0,0,0,0,8,2,25%,0,0,2
Franco  Umeh-Chibueze ,0,0,0,0,0,0,0,0,0,0,0,0,0,0,0,0,0,0,0,0,0,0,0,0,0,0,0,0,0,0,0,0,0,0,0,0,0,0,0,0,0,0,0,0,0,0,0%,0,0,0
Roshaun  Mathurin ,0,0,0,0,0,0,0,0,0,0,0,0,0,0,0,0,0,0,0,0,0,0,0,0,0,0,0,0,0,0,0,0,0,0,0,0,0,0,0,0,0,0,0,0,0,0,0%,0,0,0
Jordan  Pickford ,907,5,147,175,49,0,"1,161","2,276",75,421,19,1,17,0,6,0,1,"9,092",31.79,"2,510",0,0,0,0,0,0,0,0,0,0,0,0,0,0,0,0,0,0,0,0,0,0,0,0,0,0,0,0,0,0
Andy  Lonergan ,0,0,0,0,0,0,0,0,0,0,0,0,0,0,0,0,0,0,0,0,0,0,0,0,0,0,0,0,0,0,0,0,0,0,0,0,0,0,0,0,0,0,0,0,0,0,0,0,0,0
Billy  Crellin ,0,0,0,0,0,0,0,0,0,0,0,0,0,0,0,0,0,0,0,0,0,0,0,0,0,0,0,0,0,0,0,0,0,0,0,0,0,0,0,0,0,0,0,0,0,0,0,0,0,0
João  Virgínia ,3,0,0,1,0,0,3,3,0,0,0,0,0,0,0,0,0,12,12,2,0,0,0,0,0,0,0,0,0,0,0,0,0,0,0,0,0,0,0,0,0,0,0,0,0,0,0,0,0,0
James  Tarkowski ,0,0,0,0,0,0,0,0,74,363,5,1,58,0,261,9,7,"9,422",34.9,906,444,61%,6,30,366,"1,416",832,13,"1,162","1,819",939,76,"1,123",481,19,28,29%,5,0,5,1,2,0,0,0,0,0,5,0,20
Nathan  Patterson ,0,0,0,0,0,0,0,0,4,43,0,0,7,0,32,0,2,880,22.56,39,83,58%,1,6,24,64,36,1,140,136,138,18,17,22,4,71,15%,2,0,0,0,0,0,0,0,0,0,1,0,2
Michael  Keane ,0,0,0,0,0,0,0,0,59,335,4,3,21,1,125,13,10,"9,765",40.86,772,243,63%,3,25,378,"1,326",852,3,"1,010","1,307",823,39,975,566,13,17,24%,4,0,7,4,2,0,0,0,0,0,4,0,6
Vitalii  Mykolenko ,0,0,0,0,0,0,0,0,19,100,0,0,5,0,65,3,0,"2,202",29.36,104,152,57%,0,15,98,198,96,2,356,288,248,32,66,73,3,154,23%,4,0,1,1,1,0,0,0,0,0,2,0,1
Ben  Godfrey ,0,0,0,0,0,0,0,0,22,167,2,2,17,1,65,0,3,"4,152",37.07,171,174,63%,4,16,97,431,229,1,472,456,332,34,201,160,2,49,24%,2,0,0,0,0,0,0,0,0,0,2,0,7
Séamus  Coleman ,0,0,0,0,0,0,0,0,96,379,7,6,34,2,235,22,24,"11,247",30.9,455,629,76%,8,59,368,712,371,2,"1,708","1,642","1,385",439,245,272,42,848,22%,12,0,8,9,5,0,0,0,0,0,7,0,33
 ,0,0,0,0,0,0,0,0,0,0,0,0,0,0,0,0,0,0,0,0,0,0,0,0,0,0,0,0,0,0,0,0,0,0,0,0,0,0,0,0,0,0,0,0,0,0,0,0,0,0
Ashley  Young ,0,0,0,0,0,0,0,0,94,470,3,2,84,3,470,49,71,"13,544",29.9,799,653,69%,2,172,489,505,188,9,"1,816","1,914","1,952",347,188,221,58,"2,870",23%,110,0,0,48,1,0,0,0,0,0,17,0,104
Amadou  Onana ,0,0,0,0,0,0,0,0,0,0,0,0,14,0,81,3,2,"1,993",31.63,102,143,57%,0,14,58,67,33,0,310,379,243,30,113,74,6,8,13%,11,0.05,3,0,0,0,0,63,12,19%,0,5,3
Abdoulaye  Doucouré ,0,0,0,0,0,0,0,0,0,0,1,0,55,1,279,33,22,"10,525",42.96,297,432,59%,0,89,235,245,99,0,"1,657","1,005","1,201",213,263,296,27,125,17%,15,0.13,6,22,4,0,0,301,101,34%,4,25,40
Idrissa  Gueye ,0,0,0,0,0,0,0,0,0,0,4,0,48,1,301,7,6,"9,148",47.65,424,709,69%,0,47,443,202,72,0,"1,570","1,317",912,166,170,146,5,72,19%,12,0.04,0,6,1,0,1,138,34,25%,2,3,2
James  Garner ,0,0,0,0,0,0,0,0,0,0,1,0,10,0,55,1,3,"1,424",25.89,56,99,58%,0,13,57,59,19,0,242,215,179,26,37,35,7,149,20%,4,0.02,0,1,0,0,0,50,14,28%,4,2,4
Dele  Alli ,0,0,0,0,0,0,0,0,0,0,1,0,28,0,209,51,34,"6,213",32.03,183,275,64%,0,87,146,124,71,0,864,935,"1,248",209,145,214,48,92,14%,74,0.26,9,32,10,3,0,337,134,40%,8,40,36
André  Gomes ,0,0,0,0,0,0,0,0,0,0,0,0,23,0,163,2,4,"3,462",34.62,268,119,58%,0,19,41,44,24,0,513,382,594,111,84,76,4,83,22%,10,0.02,0,2,0,0,0,62,16,26%,0,2,2
Tyler  Onyango ,0,0,0,0,0,0,0,0,0,0,0,0,0,0,0,0,0,2,0.5,0,0,0%,0,1,0,1,0,0,0,1,3,0,1,2,0,0,0%,0,0,0,0,0,0,0,1,0,0%,0,0,0
Mackenzie  Hunt ,0,0,0,0,0,0,0,0,0,0,0,0,0,0,0,0,0,0,0,0,0,0%,0,0,0,0,0,0,0,0,0,0,0,0,0,0,0%,0,0,0,0,0,0,0,0,0,0%,0,0,0
 ,0,0,0,0,0,0,0,0,0,0,0,0,0,0,0,0,0,0,0,0,0,0,0,0,0,0,0,0,0,0,0,0,0,0,0,0,0,0,0,0,0,0,0,0,0,0,0,0,0,0
 ,0,0,0,0,0,0,0,0,0,0,0,0,0,0,0,0,0,0,0,0,0,0,0,0,0,0,0,0,0,0,0,0,0,0,0,0,0,0,0,0,0,0,0,0,0,0,0,0,0,0
Dwight  McNeil ,0,0,0,0,0,0,0,0,0,0,0,0,16,0,111,17,26,"5,284",25.78,0,316,0,0,93,163,157,76,0,0,0,0,0,0,0,59,"1,238",0,0,0.08,0,0,17,0,0,256,74,29%,8,9,9
Dominic  Calvert-Lewin ,0,0,0,0,0,0,0,0,0,0,0,0,27,0,245,54,14,"3,164",14.85,0,87,0,0,66,45,185,150,0,0,0,0,0,0,0,19,66,0,0,0.25,20,27,6,5,0,407,172,42%,11,72,100
Lewis  Dobbin ,0,0,0,0,0,0,0,0,0,0,0,0,2,0,4,1,0,62,4.13,0,11,0,0,0,1,0,0,0,0,0,0,0,0,0,1,7,0,0,0.07,0,0,1,0,0,5,2,40%,0,1,0
Arnaut  Danjuma ,0,0,0,0,0,0,0,0,0,0,0,0,0,0,7,2,0,415,11.22,0,12,0,0,12,11,3,1,0,0,0,0,0,0,0,1,21,0,0,0.05,0,0,2,0,0,44,16,36%,3,8,10
Youssef  Chermiti ,0,0,0,0,0,0,0,0,0,0,0,0,3,0,11,0,0,58,3.22,0,3,0,0,2,1,2,1,0,0,0,0,0,0,0,2,0,0,0,0,0,0,0,0,0,7,2,29%,0,1,6
Jack  Harrison ,0,0,0,0,0,0,0,0,0,0,0,0,8,0,115,24,19,"3,326",24.46,90,198,58%,0,48,70,77,24,0,626,544,844,173,62,156,27,576,19%,17,0.18,0,11,13,0,0,161,59,37%,3,14,20
 Beto ,0,0,0,0,0,0,0,0,0,0,0,0,2,0,21,3,0,174,5.8,0,14,0,0,4,1,13,11,0,0,0,0,0,0,0,3,5,0,0,0.1,1,1,1,0,0,43,13,30%,0,8,10
Marek  Rodák ,6,0,3,2,0,0,9,22,1,7,0,0,1,0,0,0,0,99,24.75,25,0,0,0,0,0,0,0,0,0,0,0,0,0,0,0,0,0,0,0,0,0,0,0,0,0,0,0,0,0,0
Bernd  Leno ,592,3,75,92,38,0,919,"1,187",43,239,10,2,8,1,3,0,0,"5,431",31.03,699,0,0,0,0,0,0,0,0,0,0,0,0,0,0,0,0,0,0,0,0,0,0,0,0,0,0,0,0,0,0
 ,0,0,0,0,0,0,0,0,0,0,0,0,0,0,0,0,0,0,0,0,0,0,0,0,0,0,0,0,0,0,0,0,0,0,0,0,0,0,0,0,0,0,0,0,0,0,0,0,0,0
Kenny  Tete ,0,0,0,0,0,0,0,0,11,84,0,0,13,0,86,2,6,"2,226",33.22,94,158,59%,0,6,95,148,78,0,271,349,229,40,67,54,5,194,27%,2,0,1,1,0,0,0,0,0,0,1,0,2
Tosin  Adarabioyo ,0,0,0,0,0,0,0,0,18,105,1,1,7,0,43,3,0,"4,400",56.41,280,88,49%,1,8,93,411,217,0,296,322,189,21,199,93,0,5,20%,3,0,3,0,0,0,0,0,0,0,1,0,5
 ,0,0,0,0,0,0,0,0,0,0,0,0,0,0,0,0,0,0,0,0,0,0,0,0,0,0,0,0,0,0,0,0,0,0,0,0,0,0,0,0,0,0,0,0,0,0,0,0,0,0
Issa  Diop ,0,0,0,0,0,0,0,0,26,189,3,2,19,1,95,7,2,"5,639",40.57,233,183,60%,2,4,192,585,305,5,611,507,345,20,253,165,5,3,0%,3,0,5,1,0,0,0,0,0,0,0,0,9
Antonee  Robinson ,0,0,0,0,0,0,0,0,20,131,2,2,18,1,87,0,7,"4,142",41.42,214,200,62%,0,10,170,239,151,2,597,497,398,128,118,75,10,367,25%,1,0,0,0,0,0,0,0,0,0,1,0,7
Luc  De Fougerolles ,0,0,0,0,0,0,0,0,0,0,0,0,0,0,0,0,0,0,0,0,0,0%,0,0,0,0,0,0,0,0,0,0,0,0,0,0,0%,0,0,0,0,0,0,0,0,0,0,0,0,0
Calvin  Bassey ,0,0,0,0,0,0,0,0,6,42,1,0,4,1,15,1,0,"1,667",57.48,83,49,59%,1,1,28,80,37,0,171,101,57,11,30,25,0,3,0%,0,0,0,1,0,0,0,0,0,0,1,0,2
 ,0,0,0,0,0,0,0,0,0,0,0,0,0,0,0,0,0,0,0,0,0,0,0,0,0,0,0,0,0,0,0,0,0,0,0,0,0,0,0,0,0,0,0,0,0,0,0,0,0,0
 ,0,0,0,0,0,0,0,0,0,0,0,0,0,0,0,0,0,0,0,0,0,0,0,0,0,0,0,0,0,0,0,0,0,0,0,0,0,0,0,0,0,0,0,0,0,0,0,0,0,0
Devan  Tanton ,0,0,0,0,0,0,0,0,0,0,0,0,0,0,0,0,0,0,0,0,0,0%,0,0,0,0,0,0,0,0,0,0,0,0,0,0,0%,0,0,0,0,0,0,0,0,0,0,0,0,0
Harrison  Reed ,0,0,0,0,0,0,0,0,0,0,0,0,16,0,112,3,8,"3,714",33.16,122,170,66%,0,12,100,90,33,0,447,334,411,31,67,96,7,104,23%,2,0.03,0,3,0,0,0,46,16,35%,2,2,4
Harry  Wilson ,0,0,0,0,0,0,0,0,0,0,0,0,9,0,44,13,9,"1,533",16.14,93,65,62%,0,42,27,34,17,0,217,237,224,44,15,40,11,99,19%,10,0.14,0,0,13,0,2,114,37,32%,4,5,8
Tom  Cairney ,0,0,0,0,0,0,0,0,0,0,0,0,8,0,48,6,6,"4,349",36.55,216,106,57%,0,30,50,32,7,0,434,373,277,105,45,43,13,153,24%,14,0.05,0,1,5,0,0,83,23,28%,3,0,1
Andreas  Pereira ,0,0,0,0,0,0,0,0,0,0,1,0,24,0,105,9,17,"3,029",26.34,144,77,55%,0,40,30,31,9,0,356,260,534,68,36,114,24,504,30%,18,0.08,0,6,3,1,0,159,55,35%,7,8,9
João  Palhinha ,0,0,0,0,0,0,0,0,0,0,0,0,27,0,100,7,1,"2,588",38.06,168,300,53%,0,24,92,113,53,0,407,542,359,25,113,71,1,8,13%,6,0.1,4,3,0,0,0,84,23,27%,1,5,3
Sasa  Lukic ,0,0,0,0,0,0,0,0,0,0,0,0,4,0,40,1,0,705,19.58,16,41,54%,0,7,21,21,10,0,93,84,93,9,15,13,0,6,17%,4,0.03,0,0,1,0,0,18,4,22%,0,2,0
Kristian  Sekularac ,0,0,0,0,0,0,0,0,0,0,0,0,0,0,0,0,0,0,0,0,0,0%,0,0,0,0,0,0,0,0,0,0,0,0,0,0,0%,0,0,0,0,0,0,0,0,0,0%,0,0,0
Matthew  Dibley-Dias ,0,0,0,0,0,0,0,0,0,0,0,0,0,0,0,0,0,0,0,0,0,0%,0,0,0,0,0,0,0,0,0,0,0,0,0,0,0%,0,0,0,0,0,0,0,0,0,0%,0,0,0
Joshua  King ,0,0,0,0,0,0,0,0,0,0,0,0,0,0,0,0,0,0,0,0,0,0%,0,0,0,0,0,0,0,0,0,0,0,0,0,0,0%,0,0,0,0,0,0,0,0,0,0%,0,0,0
Bobby  De Cordova-Reid ,0,0,0,0,0,0,0,0,0,0,0,0,19,0,93,20,7,"2,295",17.79,0,111,0,0,36,49,84,44,0,0,0,0,0,0,0,8,135,0,0,0.16,5,13,2,1,0,125,36,29%,5,9,29
 Willian ,0,0,0,0,0,0,0,0,0,0,0,0,24,1,155,47,45,"10,803",34.08,0,289,0,0,148,126,76,40,0,0,0,0,0,0,0,69,"1,242",0,0,0.15,1,41,5,7,6,497,183,37%,18,25,42
Rodrigo  Muniz ,0,0,0,0,0,0,0,0,0,0,0,0,1,0,24,9,1,219,8.42,0,7,0,0,17,6,20,19,0,0,0,0,0,0,0,2,2,0,0,0.35,2,7,0,0,0,73,27,37%,3,4,4
Raúl  Jiménez ,0,0,0,0,0,0,0,0,0,0,0,0,15,3,164,47,18,"3,622",22.78,0,109,0,0,84,67,127,100,0,0,0,0,0,0,0,37,81,0,0,0.3,11,31,5,7,0,373,131,35%,11,38,99
Adama  Traoré ,0,0,0,0,0,0,0,0,0,0,0,0,12,0,161,12,18,"2,901",13.75,0,134,0,0,59,38,55,31,0,0,0,0,0,0,0,28,614,0,0,0.06,1,10,1,0,0,171,54,32%,8,11,36
Alex  Iwobi ,0,0,0,0,0,0,0,0,0,0,0,0,7,0,101,22,29,"7,604",30.06,0,266,0,0,93,120,105,40,0,0,0,0,0,0,0,42,426,0,0,0.09,2,17,3,0,0,293,109,37%,6,19,21
Armando  Broja ,0,0,0,0,0,0,0,0,0,0,0,0,2,0,40,8,1,569,8.62,0,19,0,0,13,4,15,10,0,0,0,0,0,0,0,3,10,0,0,0.12,0,8,0,0,0,64,28,44%,3,10,22
Alisson  Becker ,485,2,89,92,30,0,"1,078","1,037",86,174,10,1,4,1,4,1,3,"6,282",31.25,803,0,0,0,0,0,0,0,0,0,0,0,0,0,0,0,0,0,0,0,0,0,0,0,0,0,0,0,0,0,0
 Adrián ,464,5,57,150,53,0,550,"1,265",38,186,10,0,10,2,5,0,0,"3,497",25.16,"1,106",0,0,0,0,0,0,0,0,0,0,0,0,0,0,0,0,0,0,0,0,0,0,0,0,0,0,0,0,0,0
Caoimhín  Kelleher ,46,0,3,5,4,0,84,57,4,18,1,0,0,0,0,0,0,534,35.6,55,0,0,0,0,0,0,0,0,0,0,0,0,0,0,0,0,0,0,0,0,0,0,0,0,0,0,0,0,0,0
Fabian  Mrozek ,0,0,0,0,0,0,0,0,0,0,0,0,0,0,0,0,0,0,0,0,0,0,0,0,0,0,0,0,0,0,0,0,0,0,0,0,0,0,0,0,0,0,0,0,0,0,0,0,0,0
Joe  Gomez ,0,0,0,0,0,0,0,0,46,98,1,0,25,0,109,0,5,"7,599",54.28,363,198,72%,1,10,150,290,138,0,686,565,450,64,244,181,5,130,21%,7,0,0,0,0,0,0,0,0,0,0,0,2
Virgil  van Dijk ,0,0,0,0,0,0,0,0,102,250,5,0,18,2,137,22,7,"18,873",71.49,"1,228",270,66%,8,51,383,"1,313",710,5,"1,386","1,568",576,51,"1,139",373,19,4,25%,18,0,16,2,4,0,0,0,0,0,15,0,9
Ibrahima  Konaté ,0,0,0,0,0,0,0,0,16,50,4,1,10,1,64,0,0,"3,329",65.27,104,90,64%,1,6,62,144,77,1,268,296,162,18,157,64,2,2,0%,9,0,0,0,0,0,0,0,0,0,0,0,1
Kostas  Tsimikas ,0,0,0,0,0,0,0,0,7,24,0,0,6,0,45,0,9,"1,321",27.52,39,60,57%,1,8,28,42,17,0,155,120,140,16,23,34,6,275,24%,1,0,0,0,0,0,0,0,0,0,0,0,1
Andy  Robertson ,0,0,0,0,0,0,0,0,78,273,2,0,32,1,153,11,59,"15,868",57.7,562,425,64%,4,35,264,475,201,6,"1,551",861,794,170,182,171,80,"1,502",22%,15,0,4,1,6,0,0,0,0,0,3,0,32
Joël  Matip ,0,0,0,0,0,0,0,0,54,124,3,2,18,0,92,9,5,"9,554",63.69,432,221,68%,1,21,206,558,326,2,782,735,380,34,418,189,10,8,0%,10,0,6,3,0,0,0,0,0,0,7,0,3
Rhys  Williams ,0,0,0,0,0,0,0,0,3,6,0,0,0,0,4,0,0,504,56,19,6,67%,0,2,6,26,19,0,34,38,12,0,30,8,0,0,0%,1,0,0,0,0,0,0,0,0,0,0,0,0
Trent  Alexander-Arnold ,0,0,0,0,0,0,0,0,68,200,4,0,26,0,113,15,58,"13,745",60.82,"1,082",349,64%,6,92,277,336,126,3,"1,440",644,730,165,81,126,106,"1,681",26%,82,0,0,15,0,0,0,0,0,0,9,0,33
 ,0,0,0,0,0,0,0,0,0,0,0,0,0,0,0,0,0,0,0,0,0,0,0,0,0,0,0,0,0,0,0,0,0,0,0,0,0,0,0,0,0,0,0,0,0,0,0,0,0,0
Conor  Bradley ,0,0,0,0,0,0,0,0,0,7,0,1,2,0,8,1,3,437,39.73,15,33,76%,0,4,10,13,6,0,50,69,51,13,11,5,2,18,22%,3,0,0,1,0,0,0,0,0,0,0,0,2
Stefan  Bajcetic ,0,0,0,0,0,0,0,0,0,0,0,0,2,0,8,1,0,263,21.92,12,13,54%,0,2,9,4,3,0,42,40,44,7,9,5,0,5,20%,0,0.08,0,0,1,0,0,6,3,50%,0,0,0
Thiago  Alcântara ,0,0,0,0,0,0,0,0,0,0,0,0,8,0,85,2,4,"4,313",63.43,313,152,59%,0,32,77,35,21,0,390,365,305,74,77,67,7,14,21%,15,0.03,0,1,1,0,0,57,12,21%,0,2,0
Curtis  Jones ,0,0,0,0,0,0,0,0,0,0,0,0,7,1,61,7,5,"3,084",35.86,67,92,54%,0,30,37,28,11,0,276,263,316,76,33,46,5,26,23%,11,0.08,0,5,2,0,0,79,29,37%,1,2,9
 ,0,0,0,0,0,0,0,0,0,0,0,0,0,0,0,0,0,0,0,0,0,0,0,0,0,0,0,0,0,0,0,0,0,0,0,0,0,0,0,0,0,0,0,0,0,0,0,0,0,0
Bobby  Clark ,0,0,0,0,0,0,0,0,0,0,0,0,0,0,5,0,0,50,8.33,1,2,50%,0,1,1,1,1,0,6,5,18,0,0,1,0,0,0%,0,0,0,0,0,0,0,2,0,0%,0,0,0
Alexis  Mac Allister ,0,0,0,0,0,0,0,0,0,0,2,0,20,1,141,21,10,"5,219",39.84,192,269,56%,0,83,80,54,25,0,639,619,584,99,92,93,11,161,22%,36,0.16,2,18,0,9,1,221,58,26%,5,13,5
Dominik  Szoboszlai ,0,0,0,0,0,0,0,0,0,0,0,0,1,0,29,3,2,"1,399",42.39,54,32,59%,0,23,15,13,5,0,171,97,137,24,14,20,7,113,25%,3,0.09,1,1,1,0,0,60,15,25%,0,2,3
Wataru  Endo ,0,0,0,0,0,0,0,0,0,0,0,0,10,0,50,1,0,"1,305",45,28,48,58%,0,4,20,30,25,0,108,114,145,10,31,27,2,4,50%,5,0.03,0,1,0,0,0,10,3,30%,1,0,0
Ryan  Gravenberch ,0,0,0,0,0,0,0,0,0,0,0,0,0,0,20,1,0,493,18.96,6,26,46%,0,7,14,11,3,0,74,74,85,23,10,14,1,4,0%,4,0.04,0,1,0,0,0,23,8,35%,1,1,0
Treymaurice  Nyoni ,0,0,0,0,0,0,0,0,0,0,0,0,0,0,0,0,0,0,0,0,0,0%,0,0,0,0,0,0,0,0,0,0,0,0,0,0,0%,0,0,0,0,0,0,0,0,0,0%,0,0,0
Thomas  Hill ,0,0,0,0,0,0,0,0,0,0,0,0,0,0,0,0,0,0,0,0,0,0%,0,0,0,0,0,0,0,0,0,0,0,0,0,0,0%,0,0,0,0,0,0,0,0,0,0%,0,0,0
Amara  Nallo ,0,0,0,0,0,0,0,0,0,0,0,0,0,0,0,0,0,0,0,0,0,0%,0,0,0,0,0,0,0,0,0,0,0,0,0,0,0%,0,0,0,0,0,0,0,0,0,0%,0,0,0
Mohamed  Salah ,0,0,0,0,0,0,0,0,0,0,0,0,9,0,128,157,69,"7,644",29.06,0,129,0,0,233,40,30,15,0,0,0,0,0,0,0,108,348,0,0,0.6,9,23,125,25,0,940,412,44%,21,131,129
Cody  Gakpo ,0,0,0,0,0,0,0,0,0,0,0,0,1,0,54,15,7,906,16.18,0,53,0,0,29,18,9,7,0,0,0,0,0,0,0,9,38,0,0,0.27,3,7,5,0,0,105,37,35%,0,12,16
Diogo  Jota ,0,0,0,0,0,0,0,0,0,0,0,0,23,1,196,57,17,"3,512",21.41,0,153,0,0,78,43,42,26,0,0,0,0,0,0,0,28,130,0,0,0.35,9,27,21,0,0,339,140,41%,7,54,21
Luis  Díaz ,0,0,0,0,0,0,0,0,0,0,0,0,5,0,88,16,10,"1,904",28.42,0,61,0,0,51,13,10,4,0,0,0,0,0,0,0,9,48,0,0,0.24,4,8,3,0,0,159,53,33%,5,18,26
Darwin  Núñez ,0,0,0,0,0,0,0,0,0,0,0,0,10,1,53,20,11,836,12.86,0,33,0,0,35,6,21,17,0,0,0,0,0,0,0,22,37,0,0,0.31,5,11,4,0,0,192,83,43%,14,47,50
Ben  Doak ,0,0,0,0,0,0,0,0,0,0,0,0,0,0,1,0,0,18,6,0,3,0,0,0,0,0,0,0,0,0,0,0,0,0,0,0,0,0,0,0,0,0,0,0,0,0,0%,0,0,0
Kaide  Gordon ,0,0,0,0,0,0,0,0,0,0,0,0,0,0,1,0,0,5,2.5,0,1,0,0,0,0,0,0,0,0,0,0,0,0,0,0,0,0,0,0,0,0,0,0,0,1,1,100%,0,1,0
Jayden  Danns ,0,0,0,0,0,0,0,0,0,0,0,0,1,0,2,0,0,7,3.5,0,0,0,0,0,0,0,0,0,0,0,0,0,0,0,0,0,0,0,0,0,0,0,0,0,0,0,0%,0,0,0
Mateusz  Musialowski ,0,0,0,0,0,0,0,0,0,0,0,0,0,0,0,0,0,0,0,0,0,0,0,0,0,0,0,0,0,0,0,0,0,0,0,0,0,0,0,0,0,0,0,0,0,0,0%,0,0,0
James  Shea ,2,0,0,0,0,0,1,3,0,0,0,0,0,0,0,0,0,8,8,3,0,0,0,0,0,0,0,0,0,0,0,0,0,0,0,0,0,0,0,0,0,0,0,0,0,0,0,0,0,0
 ,0,0,0,0,0,0,0,0,0,0,0,0,0,0,0,0,0,0,0,0,0,0,0,0,0,0,0,0,0,0,0,0,0,0,0,0,0,0,0,0,0,0,0,0,0,0,0,0,0,0
Tim  Krul ,691,4,127,252,93,0,947,"1,933",51,371,20,2,10,0,3,0,2,"6,246",28.14,"1,694",0,0,0,0,0,0,0,0,0,0,0,0,0,0,0,0,0,0,0,0,0,0,0,0,0,0,0,0,0,0
Dan  Potts ,0,0,0,0,0,0,0,0,0,3,1,0,0,0,0,0,0,37,18.5,2,7,100%,0,0,1,8,2,0,5,7,6,0,0,3,0,1,0%,0,0,0,0,0,0,0,0,0,0,0,0,0
Tom  Lockyer ,0,0,0,0,0,0,0,0,0,23,0,1,4,0,15,1,1,418,29.86,45,25,64%,1,1,23,66,31,0,89,70,42,4,31,17,1,1,0%,1,0,0,0,1,0,0,0,0,0,0,0,0
Reece  Burke ,0,0,0,0,0,0,0,0,3,41,1,0,5,0,23,0,4,828,30.67,38,43,65%,1,10,27,125,52,2,80,114,83,4,54,40,3,14,29%,0,0,0,0,0,0,0,0,0,0,0,0,1
Amari'i  Bell ,0,0,0,0,0,0,0,0,1,41,1,0,0,0,22,0,0,789,37.57,29,50,66%,0,0,25,55,20,0,98,96,77,10,21,22,0,13,8%,2,0,0,0,0,0,0,0,0,0,0,0,0
Gabriel  Osho ,0,0,0,0,0,0,0,0,2,47,0,0,3,0,23,2,0,705,33.57,27,41,54%,0,1,31,88,41,0,103,98,84,7,37,37,0,3,33%,0,0,2,0,0,0,0,0,0,0,0,0,1
Axel  Piesold ,0,0,0,0,0,0,0,0,0,0,0,0,0,0,0,0,0,0,0,0,0,0%,0,0,0,0,0,0,0,0,0,0,0,0,0,0,0%,0,0,0,0,0,0,0,0,0,0%,0,0,0
Joe  Johnson ,0,0,0,0,0,0,0,0,0,5,0,0,1,0,1,0,0,34,17,5,0,0%,0,0,0,0,0,0,3,0,4,0,0,1,0,0,0%,0,0,0,0,0,0,0,0,0,0,0,0,0
Mads  Andersen ,0,0,0,0,0,0,0,0,0,6,0,0,1,0,6,1,0,115,14.38,7,6,83%,0,0,8,29,16,0,25,19,12,0,11,6,0,0,0%,0,0,1,0,0,0,0,0,0,0,0,0,0
Issa  Kaboré ,0,0,0,0,0,0,0,0,0,39,1,1,7,0,27,0,2,540,22.5,16,52,54%,0,2,16,46,16,1,102,117,92,18,18,20,5,66,21%,1,0,0,0,0,0,0,0,0,0,0,0,2
Teden  Mengi ,0,0,0,0,0,0,0,0,1,59,0,0,3,0,35,1,0,925,30.83,70,54,41%,1,0,57,136,67,2,126,128,95,7,60,43,0,2,0%,1,0,0,1,0,0,0,0,0,0,0,0,1
Daiki  Hashioka ,0,0,0,0,0,0,0,0,0,21,0,2,0,0,10,0,0,254,25.4,9,11,45%,0,1,8,20,8,0,26,30,35,1,13,12,1,9,33%,0,0,0,0,0,0,0,0,0,0,0,0,0
Christian  Chigozie ,0,0,0,0,0,0,0,0,0,0,0,0,0,0,0,0,0,0,0,0,0,0%,0,0,0,0,0,0,0,0,0,0,0,0,0,0,0%,0,0,0,0,0,0,0,0,0,0,0,0,0
Luke  Berry ,0,0,0,0,0,0,0,0,0,0,0,0,1,0,6,2,1,88,5.18,3,7,29%,0,2,0,1,1,0,8,23,19,2,7,8,0,8,13%,0,0.12,0,1,1,0,0,8,4,50%,0,0,0
Pelly  Ruddock Mpanzu ,0,0,0,0,0,0,0,0,0,0,2,0,1,0,9,0,0,343,12.7,16,13,38%,0,4,9,16,10,0,54,48,54,9,12,19,1,11,27%,0,0,0,0,0,0,0,11,1,9%,0,1,0
Jordan  Clark ,0,0,0,0,0,0,0,0,0,0,0,0,4,0,14,1,1,478,20.78,23,29,55%,0,8,11,14,5,0,59,85,100,12,18,15,3,23,30%,1,0.04,0,1,0,0,0,17,4,24%,0,0,5
Fred  Onyedinma ,0,0,0,0,0,0,0,0,0,0,0,0,1,0,10,0,0,85,10.62,0,10,60%,0,1,1,13,7,0,10,26,41,2,8,6,0,13,8%,0,0,0,0,0,0,0,5,2,40%,0,0,0
Elliot  Thorpe ,0,0,0,0,0,0,0,0,0,0,0,0,0,0,0,0,0,0,0,0,0,0%,0,0,0,0,0,0,0,0,0,0,0,0,0,0,0%,0,0,0,0,0,0,0,0,0,0%,0,0,0
Zack  Nelson ,0,0,0,0,0,0,0,0,0,0,0,0,0,0,0,0,0,4,2,0,1,0%,0,0,0,0,0,0,0,1,0,0,0,0,0,0,0%,0,0,0,0,0,0,0,0,0,0%,0,0,0
Alfie  Doughty ,0,0,0,0,0,0,0,0,0,0,1,0,5,0,31,2,8,"1,088",29.41,66,62,63%,0,13,31,36,13,0,185,127,124,33,23,12,10,340,26%,0,0.05,0,0,2,0,1,26,8,31%,0,2,13
Tahith  Chong ,0,0,0,0,0,0,0,0,0,0,0,0,4,0,23,4,0,528,13.89,15,36,61%,0,17,8,11,4,0,106,138,137,27,9,24,0,35,23%,5,0.11,1,0,3,0,0,34,8,24%,0,2,4
Marvelous  Nakamba ,0,0,0,0,0,0,0,0,0,0,2,0,18,0,74,0,0,"1,866",26.28,64,149,57%,0,1,79,66,20,0,385,277,253,35,42,58,0,10,10%,1,0,0,0,0,0,0,14,2,14%,0,0,0
Ross  Barkley ,0,0,0,0,0,0,0,0,0,0,2,0,24,0,194,34,32,"9,938",37.64,593,225,65%,0,178,107,162,120,0,"1,043","1,258","1,336",478,241,227,46,435,25%,64,0.13,5,19,10,2,2,523,152,29%,14,30,24
Albert  Sambi Lokonga ,0,0,0,0,0,0,0,0,0,0,1,0,11,0,38,1,3,"1,957",38.37,93,65,72%,0,8,36,36,17,0,184,178,131,16,40,42,3,15,13%,14,0.02,1,0,0,0,0,30,11,37%,0,0,0
Andros  Townsend ,0,0,0,0,0,0,0,0,0,0,2,0,18,0,126,26,31,"6,111",21,150,479,67%,0,137,235,107,26,0,"1,215","1,346","1,372",498,28,119,49,"1,240",25%,15,0.09,1,6,19,2,1,408,130,32%,6,14,26
Dominic  Martins ,0,0,0,0,0,0,0,0,0,0,0,0,0,0,0,0,0,0,0,0,0,0%,0,0,0,0,0,0,0,0,0,0,0,0,0,0,0%,0,0,0,0,0,0,0,0,0,0%,0,0,0
Carlton  Morris ,0,0,0,0,0,0,0,0,0,0,0,0,4,0,49,11,4,718,18.89,0,15,0,0,12,1,53,42,0,0,0,0,0,0,0,5,15,0,0,0.29,2,9,0,5,0,71,31,44%,4,7,9
Cauley  Woodrow ,0,0,0,0,0,0,0,0,0,0,0,0,2,0,16,2,1,303,10.1,0,20,0,0,9,2,19,13,0,0,0,0,0,0,0,2,16,0,0,0.07,1,0,1,0,0,26,8,31%,1,0,7
Elijah  Adebayo ,0,0,0,0,0,0,0,0,0,0,0,0,1,0,27,10,0,197,7.3,0,4,0,0,7,6,25,24,0,0,0,0,0,0,0,0,5,0,0,0.37,4,5,1,0,0,31,14,45%,2,4,13
Chiedozie  Ogbene ,0,0,0,0,0,0,0,0,0,0,0,0,1,0,8,4,1,627,20.9,0,17,0,0,17,7,31,17,0,0,0,0,0,0,0,5,79,0,0,0.13,1,3,0,0,0,35,14,40%,1,1,8
Jacob  Brown ,0,0,0,0,0,0,0,0,0,0,0,0,4,0,19,2,0,229,12.05,0,19,0,0,10,8,17,12,0,0,0,0,0,0,0,1,10,0,0,0.11,0,1,1,0,0,26,7,27%,2,3,6
Taylan  Harris ,0,0,0,0,0,0,0,0,0,0,0,0,0,0,0,0,0,0,0,0,0,0,0,0,0,0,0,0,0,0,0,0,0,0,0,0,0,0,0,0,0,0,0,0,0,0,0%,0,0,0
Stefan  Ortega ,34,0,2,7,0,0,40,31,3,8,0,0,0,0,0,0,0,393,32.75,58,0,0,0,0,0,0,0,0,0,0,0,0,0,0,0,0,0,0,0,0,0,0,0,0,0,0,0,0,0,0
 Ederson ,413,3,61,114,24,0,"1,143","1,045",112,190,7,0,20,1,9,0,3,"6,872",27.49,"1,068",0,0,0,0,0,0,0,0,0,0,0,0,0,0,0,0,0,0,0,0,0,0,0,0,0,0,0,0,0,0
Scott  Carson ,435,4,66,161,164,0,495,"1,387",30,225,10,1,6,1,4,0,2,"2,732",18.71,832,0,0,0,0,0,0,0,0,0,0,0,0,0,0,0,0,0,0,0,0,0,0,0,0,0,0,0,0,0,0
True  Grant ,0,0,0,0,0,0,0,0,0,0,0,0,0,0,0,0,0,0,0,0,0,0,0,0,0,0,0,0,0,0,0,0,0,0,0,0,0,0,0,0,0,0,0,0,0,0,0,0,0,0
Kyle  Walker ,0,0,0,0,0,0,0,0,130,352,6,2,52,1,309,8,36,"22,704",57.48,"1,209",692,74%,5,69,571,913,403,4,"2,077","1,810","1,358",303,540,347,37,906,18%,42,0,0,7,1,0,0,0,0,0,3,0,31
Rúben  Dias ,0,0,0,0,0,0,0,0,43,83,0,2,12,0,90,3,4,"9,660",82.56,360,110,59%,1,17,106,284,137,3,450,380,290,16,204,146,6,19,32%,5,0,2,0,1,0,0,0,0,0,1,0,3
John  Stones ,0,0,0,0,0,0,0,0,74,204,8,1,11,1,69,9,2,"13,920",58.73,786,228,70%,5,18,238,735,416,4,"1,006",896,422,121,461,225,7,33,15%,3,0,3,3,3,0,0,0,0,0,2,0,5
Nathan  Aké ,0,0,0,0,0,0,0,0,49,271,0,0,21,1,136,18,8,"10,656",47.36,340,332,61%,3,31,257,899,497,5,921,924,586,37,455,354,15,89,16%,6,0,11,1,6,0,0,0,0,0,7,0,8
Manuel  Akanji ,0,0,0,0,0,0,0,0,17,46,1,0,4,1,41,2,1,"4,317",73.17,148,78,68%,1,9,39,91,47,1,278,167,149,8,52,64,0,15,20%,4,0,1,0,0,0,0,0,0,0,0,0,0
Rico  Lewis ,0,0,0,0,0,0,0,0,1,17,0,0,2,0,17,2,0,"1,171",39.03,15,26,62%,0,1,10,15,5,0,85,76,69,12,0,12,6,6,50%,2,0,0,2,0,0,0,0,0,0,0,0,0
Josh  Wilson-Esbrand ,0,0,0,0,0,0,0,0,0,0,0,0,0,0,0,0,0,0,0,0,0,0%,0,0,0,0,0,0,0,0,0,0,0,0,0,0,0%,0,0,0,0,0,0,0,0,0,0,0,0,0
Josko  Gvardiol ,0,0,0,0,0,0,0,0,9,23,1,0,3,0,20,4,1,"1,732",61.86,41,55,60%,0,6,27,26,13,0,150,134,89,26,31,24,2,33,12%,3,0,1,3,0,0,0,0,0,0,0,0,2
Max  Alleyne ,0,0,0,0,0,0,0,0,0,0,0,0,0,0,0,0,0,0,0,0,0,0%,0,0,0,0,0,0,0,0,0,0,0,0,0,0,0%,0,0,0,0,0,0,0,0,0,0,0,0,0
Jack  Grealish ,0,0,0,0,0,0,0,0,0,0,1,0,29,0,135,26,27,"5,505",32.38,177,132,66%,0,98,77,38,15,0,630,"1,008",704,288,86,119,46,375,23%,15,0.15,2,18,6,0,0,260,88,34%,6,18,23
 Rodri ,0,0,0,0,0,0,0,0,0,0,4,0,32,1,218,22,21,"14,839",86.27,918,331,60%,0,59,149,210,131,0,"1,341",953,680,138,349,151,21,49,22%,25,0.13,5,13,4,1,0,213,67,31%,4,8,11
Kevin  De Bruyne ,0,0,0,0,0,0,0,0,0,0,1,0,20,0,199,68,112,"13,113",50.43,673,317,63%,0,182,116,96,58,0,"1,130",988,"1,169",340,99,148,184,"1,792",26%,203,0.26,1,45,22,4,4,630,224,36%,29,24,27
Bernardo  Silva ,0,0,0,0,0,0,0,0,0,0,0,0,32,0,163,39,42,"10,517",45.14,343,293,56%,0,87,129,84,25,0,859,790,899,278,56,133,56,440,18%,25,0.17,2,4,33,0,0,273,109,40%,7,29,20
Sergio  Gómez ,0,0,0,0,0,0,0,0,0,0,0,0,0,0,3,0,2,336,18.67,5,10,40%,0,2,3,8,3,0,20,17,24,2,3,11,1,12,25%,1,0,0,0,0,0,0,9,0,0%,1,0,1
Phil  Foden ,0,0,0,0,0,0,0,0,0,0,0,0,4,0,68,54,26,"5,164",31.49,114,107,62%,0,93,50,44,20,0,423,530,543,198,58,125,36,423,25%,35,0.33,2,11,41,0,2,301,133,44%,9,25,29
Mateo  Kovacic ,0,0,0,0,0,0,0,0,0,0,0,0,31,0,114,5,13,"9,124",53.05,335,277,63%,0,60,81,78,31,0,721,722,522,249,49,57,22,34,15%,51,0.03,0,5,0,0,0,139,26,19%,1,6,0
James  McAtee ,0,0,0,0,0,0,0,0,0,0,0,0,2,0,16,3,3,502,15.21,7,32,66%,0,8,11,15,4,0,97,106,161,34,13,31,4,36,25%,6,0.09,0,1,2,1,0,27,9,33%,0,2,1
Oscar  Bobb ,0,0,0,0,0,0,0,0,0,0,0,0,0,0,2,1,1,168,12,0,7,43%,0,1,5,1,0,0,17,22,17,11,1,2,2,5,60%,3,0.07,0,1,0,0,0,4,2,50%,0,1,0
Matheus  Nunes ,0,0,0,0,0,0,0,0,0,0,2,0,2,2,46,1,3,"1,496",28.23,85,80,60%,0,12,23,41,21,0,194,245,232,64,29,39,4,65,25%,7,0.02,0,1,0,0,0,38,13,34%,2,5,7
Micah  Hamilton ,0,0,0,0,0,0,0,0,0,0,0,0,0,0,0,0,0,0,0,0,0,0%,0,0,0,0,0,0,0,0,0,0,0,0,0,0,0%,0,0,0,0,0,0,0,0,0,0%,0,0,0
Mahamadou  Susoho ,0,0,0,0,0,0,0,0,0,0,0,0,0,0,0,0,0,0,0,0,0,0%,0,0,0,0,0,0,0,0,0,0,0,0,0,0,0%,0,0,0,0,0,0,0,0,0,0%,0,0,0
Jacob  Wright ,0,0,0,0,0,0,0,0,0,0,0,0,0,0,0,0,0,0,0,0,0,0%,0,0,0,0,0,0,0,0,0,0,0,0,0,0,0%,0,0,0,0,0,0,0,0,0,0%,0,0,0
Erling  Haaland ,0,0,0,0,0,0,0,0,0,0,0,0,6,0,49,63,13,861,13.05,0,9,0,0,39,5,30,24,0,0,0,0,0,0,0,17,17,0,0,0.95,11,8,43,14,0,244,119,49%,7,62,14
Julián  Álvarez ,0,0,0,0,0,0,0,0,0,0,0,0,2,0,44,20,9,"1,579",23.57,0,50,0,0,36,4,18,10,0,0,0,0,0,0,0,9,163,0,0,0.3,1,16,3,3,1,145,62,43%,3,14,5
Jérémy  Doku ,0,0,0,0,0,0,0,0,0,0,0,0,3,0,15,3,8,786,27.1,0,39,0,0,22,9,2,1,0,0,0,0,0,0,0,5,61,0,0,0.1,0,3,0,0,0,55,19,35%,2,1,5
Tom  Heaton ,408,3,39,96,72,0,436,"1,023",28,167,3,2,5,0,2,0,0,"3,290",28.36,"1,067",0,0,0,0,0,0,0,0,0,0,0,0,0,0,0,0,0,0,0,0,0,0,0,0,0,0,0,0,0,0
André  Onana ,149,0,13,37,5,0,140,162,9,58,1,0,5,0,1,0,0,"1,373",36.13,206,0,0,0,0,0,0,0,0,0,0,0,0,0,0,0,0,0,0,0,0,0,0,0,0,0,0,0,0,0,0
Altay  Bayindir ,0,0,0,0,0,0,0,0,0,0,0,0,0,0,0,0,0,0,0,0,0,0,0,0,0,0,0,0,0,0,0,0,0,0,0,0,0,0,0,0,0,0,0,0,0,0,0,0,0,0
Victor  Lindelöf ,0,0,0,0,0,0,0,0,47,195,2,2,15,0,119,4,5,"9,382",52.71,347,161,63%,1,6,151,594,302,0,921,586,410,24,353,232,7,7,0%,12,0,1,2,1,0,0,0,0,0,0,0,6
Harry  Maguire ,0,0,0,0,0,0,0,0,60,305,3,1,51,2,205,13,10,"12,694",52.67,"1,022",285,67%,5,43,359,983,619,1,"1,340","1,367",688,121,796,313,11,43,16%,6,0,8,4,1,0,0,0,0,0,7,0,25
Lisandro  Martínez ,0,0,0,0,0,0,0,0,8,45,0,1,9,0,27,1,1,"1,960",51.58,78,66,55%,0,3,38,120,54,1,197,131,95,16,36,36,0,2,0%,8,0,1,0,0,0,0,0,0,0,1,0,0
Tyrell  Malacia ,0,0,0,0,0,0,0,0,6,14,0,0,6,0,39,0,0,668,30.36,19,46,72%,0,2,25,44,13,0,90,73,74,6,8,4,1,15,20%,0,0,0,0,0,0,0,0,0,0,1,0,3
Raphaël  Varane ,0,0,0,0,0,0,0,0,16,67,0,1,3,0,25,2,1,"3,024",44.47,163,70,56%,1,7,44,253,149,0,245,210,101,9,119,41,1,2,0%,3,0,1,1,0,0,0,0,0,0,0,0,4
Diogo  Dalot ,0,0,0,0,0,0,0,0,22,137,0,0,17,1,97,3,7,"4,116",38.83,228,217,68%,0,26,115,235,119,6,556,445,297,80,125,67,11,235,29%,6,0,0,3,0,0,0,0,0,0,5,0,5
Luke  Shaw ,0,0,0,0,0,0,0,0,69,243,2,1,59,1,272,3,17,"11,479",45.73,304,405,70%,3,38,236,609,300,0,"1,208","1,201",981,223,377,279,34,841,25%,16,0,0,1,2,0,0,0,0,0,2,0,14
Aaron  Wan-Bissaka ,0,0,0,0,0,0,0,0,51,204,0,0,24,1,120,2,13,"7,298",42.43,146,506,65%,3,20,324,403,183,2,898,981,636,232,167,180,13,302,19%,5,0,0,2,0,0,0,0,0,0,0,0,5
Jonny  Evans ,0,0,0,0,0,0,0,0,96,403,4,6,57,3,298,14,13,"17,710",46.73,"1,239",541,69%,3,22,692,"2,120",922,5,"2,012","1,760","1,005",100,844,485,9,62,32%,12,0,9,5,0,0,0,0,0,0,3,0,5
Habeeb  Ogunneye ,0,0,0,0,0,0,0,0,0,0,0,0,0,0,0,0,0,0,0,0,0,0%,0,0,0,0,0,0,0,0,0,0,0,0,0,0,0%,0,0,0,0,0,0,0,0,0,0,0,0,0
Harry  Amass ,0,0,0,0,0,0,0,0,0,0,0,0,0,0,0,0,0,0,0,0,0,0%,0,0,0,0,0,0,0,0,0,0,0,0,0,0,0%,0,0,0,0,0,0,0,0,0,0,0,0,0
Louis  Jackson ,0,0,0,0,0,0,0,0,0,0,0,0,0,0,0,0,0,0,0,0,0,0%,0,0,0,0,0,0,0,0,0,0,0,0,0,0,0%,0,0,0,0,0,0,0,0,0,0,0,0,0
Bruno  Fernandes ,0,0,0,0,0,0,0,0,0,0,1,0,33,0,168,54,41,"8,555",53.81,573,269,56%,0,127,106,165,87,0,831,640,858,115,78,154,91,753,24%,107,0.34,3,46,5,19,1,441,174,39%,17,32,36
Christian  Eriksen ,0,0,0,0,0,0,0,0,0,0,1,0,22,0,124,54,76,"14,397",50.16,700,331,71%,0,224,182,159,65,0,"1,494",787,"1,200",199,122,214,87,"1,431",23%,133,0.19,1,30,22,0,8,658,238,36%,18,25,11
 Casemiro ,0,0,0,0,0,0,0,0,0,0,1,0,14,2,78,5,5,"2,818",53.17,174,171,60%,0,17,52,126,85,0,338,321,277,18,98,53,9,32,22%,16,0.09,2,3,0,0,0,73,20,27%,1,6,7
Scott  McTominay ,0,0,0,0,0,0,0,0,0,0,2,0,28,0,215,19,4,"5,460",31.02,253,261,54%,0,52,149,263,175,0,745,854,702,120,280,201,10,54,19%,10,0.11,5,10,4,0,0,156,57,37%,1,13,9
Kobbie  Mainoo ,0,0,0,0,0,0,0,0,0,0,1,0,3,0,15,3,1,870,34.8,21,47,57%,0,3,22,27,15,0,96,120,110,31,19,26,0,6,17%,8,0.12,0,3,0,0,0,11,5,45%,0,0,0
Mason  Mount ,0,0,0,0,0,0,0,0,0,0,0,0,15,0,155,28,22,"4,966",34.73,135,208,49%,0,88,74,50,21,0,527,522,688,121,52,139,34,537,29%,23,0.2,0,24,4,2,2,274,95,35%,10,16,14
Toby  Collyer ,0,0,0,0,0,0,0,0,0,0,0,0,0,0,0,0,0,0,0,0,0,0%,0,0,0,0,0,0,0,0,0,0,0,0,0,0,0%,0,0,0,0,0,0,0,0,0,0%,0,0,0
Omari  Forson ,0,0,0,0,0,0,0,0,0,0,0,0,0,0,1,0,1,33,8.25,0,2,0%,0,1,0,0,0,0,2,3,4,1,0,2,1,0,0%,0,0,0,0,0,0,0,1,0,0%,0,0,0
Sofyan  Amrabat ,0,0,0,0,0,0,0,0,0,0,1,0,6,0,24,0,0,645,30.71,35,27,59%,0,1,8,19,9,0,60,48,56,6,5,6,0,7,14%,0,0,0,0,0,0,0,3,0,0%,1,0,0
Anthony  Martial ,0,0,0,0,0,0,0,0,0,0,0,0,8,1,151,63,28,"4,701",22.49,0,88,0,0,88,31,72,41,0,0,0,0,0,0,0,41,214,0,0,0.3,6,45,12,3,0,348,163,47%,5,44,76
Marcus  Rashford ,0,0,0,0,0,0,0,0,0,0,0,0,22,1,155,83,39,"5,970",21.95,0,137,0,0,150,59,116,67,0,0,0,0,0,0,0,46,375,0,0,0.31,7,65,11,8,1,571,250,44%,14,81,121
 Antony ,0,0,0,0,0,0,0,0,0,0,0,0,10,0,34,5,3,"1,335",24.72,0,62,0,0,38,23,10,5,0,0,0,0,0,0,0,9,48,0,0,0.09,0,0,5,0,0,115,40,35%,5,8,4
Alejandro  Garnacho ,0,0,0,0,0,0,0,0,0,0,0,0,7,0,29,10,6,"1,022",17.93,0,27,0,0,47,23,14,3,0,0,0,0,0,0,0,8,60,0,0,0.18,1,5,4,0,0,124,38,31%,3,11,18
Amad  Diallo ,0,0,0,0,0,0,0,0,0,0,0,0,1,0,7,1,2,230,19.17,0,13,0,0,3,1,7,3,0,0,0,0,0,0,0,2,1,0,0,0.08,0,0,1,0,0,11,5,45%,0,0,0
Shola  Shoretire ,0,0,0,0,0,0,0,0,0,0,0,0,0,0,0,0,0,11,3.67,0,0,0,0,0,0,0,0,0,0,0,0,0,0,0,0,0,0,0,0,0,0,0,0,0,0,0,0%,0,0,0
Rasmus  Højlund ,0,0,0,0,0,0,0,0,0,0,0,0,2,0,20,10,2,391,13.03,0,11,0,0,5,1,19,12,0,0,0,0,0,0,0,0,6,0,0,0.33,0,4,5,0,0,38,21,55%,0,13,15
Ethan  Wheatley ,0,0,0,0,0,0,0,0,0,0,0,0,0,0,3,0,0,0,0,0,1,0,0,0,2,0,0,0,0,0,0,0,0,0,0,0,0,0,0,0,0,0,0,0,0,0,0%,0,0,0
Martin  Dúbravka ,477,2,60,119,29,0,603,"1,298",41,214,10,0,3,0,2,0,0,"3,988",26.24,"1,028",0,0,0,0,0,0,0,0,0,0,0,0,0,0,0,0,0,0,0,0,0,0,0,0,0,0,0,0,0,0
Loris  Karius ,55,1,15,15,7,0,149,159,13,30,2,0,1,0,2,0,0,820,27.33,127,0,0,0,0,0,0,0,0,0,0,0,0,0,0,0,0,0,0,0,0,0,0,0,0,0,0,0,0,0,0
Nick  Pope ,599,4,85,210,29,0,901,"1,437",65,217,7,0,10,1,4,0,0,"4,843",25.09,"1,434",0,0,0,0,0,0,0,0,0,0,0,0,0,0,0,0,0,0,0,0,0,0,0,0,0,0,0,0,0,0
Mark  Gillespie ,0,0,0,0,0,0,0,0,0,0,0,0,0,0,0,0,0,0,0,0,0,0,0,0,0,0,0,0,0,0,0,0,0,0,0,0,0,0,0,0,0,0,0,0,0,0,0,0,0,0
Aidan  Harris ,0,0,0,0,0,0,0,0,0,0,0,0,0,0,0,0,0,0,0,0,0,0,0,0,0,0,0,0,0,0,0,0,0,0,0,0,0,0,0,0,0,0,0,0,0,0,0,0,0,0
Adam  Harrison ,0,0,0,0,0,0,0,0,0,0,0,0,0,0,0,0,0,0,0,0,0,0,0,0,0,0,0,0,0,0,0,0,0,0,0,0,0,0,0,0,0,0,0,0,0,0,0,0,0,0
Kieran  Trippier ,0,0,0,0,0,0,0,0,47,183,5,2,17,0,144,6,35,"9,079",50.72,626,368,64%,1,21,220,414,238,5,"1,088",847,644,85,245,179,67,"1,344",30%,27,0,0,5,1,0,0,0,0,0,4,0,22
Paul  Dummett ,0,0,0,0,0,0,0,0,30,173,2,2,16,1,71,3,0,"4,406",29.18,262,240,72%,1,10,196,683,391,1,436,669,403,24,350,232,4,215,20%,1,0,1,0,2,0,0,0,0,0,1,0,1
Sven  Botman ,0,0,0,0,0,0,0,0,14,59,3,1,4,0,24,2,2,"2,769",52.25,146,58,64%,2,8,43,178,68,1,252,182,98,1,111,57,3,1,100%,0,0,2,0,0,0,0,0,0,0,1,0,3
Fabian  Schär ,0,0,0,0,0,0,0,0,39,199,3,1,37,1,161,14,7,"7,243",44.99,759,217,56%,1,38,261,623,289,6,826,737,634,60,342,294,10,68,16%,19,0,3,9,2,0,0,0,0,0,2,0,13
Jamaal  Lascelles ,0,0,0,0,0,0,0,0,38,216,4,2,32,1,122,10,1,"5,794",33.11,326,133,54%,6,13,162,899,510,6,751,733,429,19,525,252,2,9,0%,2,0,10,0,0,0,0,0,0,0,2,0,4
Matt  Targett ,0,0,0,0,0,0,0,0,35,189,1,1,19,0,102,3,9,"5,426",33.49,325,294,59%,0,14,236,317,152,3,667,655,507,48,216,167,22,553,25%,13,0,1,0,2,0,0,0,0,0,1,0,3
Emil  Krafth ,0,0,0,0,0,0,0,0,11,85,1,0,11,0,48,1,2,"1,884",26.54,47,95,53%,1,7,57,153,77,0,242,208,185,12,69,72,5,76,20%,0,0,1,0,0,0,0,0,0,0,1,0,1
Harrison  Ashby ,0,0,0,0,0,0,0,0,0,1,0,0,0,0,0,0,0,6,6,1,0,0%,0,0,1,1,0,0,0,0,0,0,0,0,0,0,0%,0,0,0,0,0,0,0,0,0,0,0,0,0
Dan  Burn ,0,0,0,0,0,0,0,0,43,193,0,1,28,0,166,5,3,"7,032",41.36,219,282,59%,1,24,193,640,394,5,701,910,656,46,546,249,11,117,21%,4,0,3,1,1,0,0,0,0,0,2,0,23
Alex  Murphy ,0,0,0,0,0,0,0,0,0,0,0,0,0,0,2,0,0,17,8.5,0,1,100%,0,0,1,0,0,0,2,1,3,0,0,0,0,0,0%,0,0,0,0,0,0,0,0,0,0,0,0,0
Tino  Livramento ,0,0,0,0,0,0,0,0,7,69,0,0,3,0,15,2,1,"1,600",28.57,40,79,53%,0,5,74,87,42,1,265,230,148,49,36,34,5,88,19%,2,0,1,1,0,0,0,0,0,0,2,0,2
Lewis  Hall ,0,0,0,0,0,0,0,0,0,23,0,0,3,0,8,1,0,823,30.48,51,51,59%,0,8,23,27,13,0,104,104,82,20,17,16,5,57,28%,0,0,0,0,1,0,0,0,0,0,0,0,1
Matt  Ritchie ,0,0,0,0,0,0,0,0,0,0,1,0,32,0,186,12,24,"5,177",28.14,291,231,66%,0,87,177,242,120,0,778,614,769,71,140,249,34,971,25%,16,0.07,1,2,9,1,0,233,57,24%,5,8,9
Jacob  Murphy ,0,0,0,0,0,0,0,0,0,0,0,0,8,0,66,11,16,"2,038",13.59,64,142,56%,0,40,57,70,33,0,429,371,469,117,38,102,27,299,21%,18,0.07,1,10,0,0,1,140,42,30%,6,10,8
Miguel  Almirón ,0,0,0,0,0,0,0,0,0,0,1,0,14,0,109,23,6,"4,104",23.19,100,258,63%,0,84,104,73,28,0,745,664,653,176,36,85,17,173,20%,14,0.13,0,3,20,0,0,250,80,32%,10,24,62
Joe  Willock ,0,0,0,0,0,0,0,0,0,0,0,0,4,0,100,15,7,"2,297",18.09,86,190,57%,0,39,73,44,17,0,418,465,524,127,61,81,13,101,22%,9,0.12,4,8,3,0,0,141,50,35%,0,16,4
Sean  Longstaff ,0,0,0,0,0,0,0,0,0,0,2,0,16,1,113,10,9,"4,406",30.18,247,233,56%,0,48,90,102,52,0,542,509,567,41,93,120,15,127,27%,17,0.07,0,8,2,0,0,137,38,28%,3,15,7
Bruno  Guimarães ,0,0,0,0,0,0,0,0,0,0,0,0,20,0,108,16,14,"4,401",51.17,274,210,55%,0,29,80,50,18,0,551,617,473,139,41,46,17,66,29%,55,0.19,3,12,1,0,0,99,36,36%,3,6,5
Isaac  Hayden ,0,0,0,0,0,0,0,0,0,0,0,0,27,2,139,4,6,"3,168",26.85,96,248,55%,0,28,158,169,84,0,463,605,526,61,230,169,9,93,19%,7,0.03,1,3,0,0,0,75,20,27%,1,2,3
Sandro  Tonali ,0,0,0,0,0,0,0,0,0,0,0,0,2,0,9,1,0,267,33.38,7,7,100%,0,1,2,4,2,0,20,17,19,3,1,0,0,11,36%,0,0.12,0,1,0,0,0,3,2,67%,0,1,0
Jay  Turner-Cooke ,0,0,0,0,0,0,0,0,0,0,0,0,0,0,0,0,0,0,0,0,0,0%,0,0,0,0,0,0,0,0,0,0,0,0,0,0,0%,0,0,0,0,0,0,0,0,0,0%,0,0,0
Harvey  Barnes ,0,0,0,0,0,0,0,0,0,0,0,0,7,0,106,40,28,"3,306",19.8,53,108,53%,0,94,37,35,16,0,455,550,751,178,117,188,31,193,15%,22,0.24,1,29,10,0,0,323,134,41%,1,34,28
James  Huntley ,0,0,0,0,0,0,0,0,0,0,0,0,0,0,0,0,0,0,0,0,0,0%,0,0,0,0,0,0,0,0,0,0,0,0,0,0,0%,0,0,0,0,0,0,0,0,0,0%,0,0,0
Elliot  Anderson ,0,0,0,0,0,0,0,0,0,0,0,0,3,0,27,0,3,602,13.68,8,35,66%,0,9,14,21,11,0,89,125,127,31,30,19,4,28,25%,5,0,0,0,0,0,0,30,9,30%,1,2,2
Lewis  Miley ,0,0,0,0,0,0,0,0,0,0,0,0,1,0,5,1,3,530,29.44,18,33,64%,0,7,8,16,5,0,79,58,52,8,11,12,3,11,18%,4,0.06,0,1,0,0,0,14,3,21%,1,1,2
Travis  Hernes ,0,0,0,0,0,0,0,0,0,0,0,0,0,0,0,0,0,0,0,0,0,0%,0,0,0,0,0,0,0,0,0,0,0,0,0,0,0%,0,0,0,0,0,0,0,0,0,0%,0,0,0
Joe  White ,0,0,0,0,0,0,0,0,0,0,0,0,1,0,2,0,0,12,3,1,1,100%,0,0,0,0,0,0,2,1,4,0,0,3,0,0,0%,0,0,0,0,0,0,0,0,0,0%,0,0,0
Lucas  De Bolle ,0,0,0,0,0,0,0,0,0,0,0,0,0,0,0,0,0,0,0,0,0,0%,0,0,0,0,0,0,0,0,0,0,0,0,0,0,0%,0,0,0,0,0,0,0,0,0,0%,0,0,0
 Joelinton ,0,0,0,0,0,0,0,0,0,0,0,0,36,0,213,18,7,"4,159",26.66,0,248,0,0,51,121,146,100,0,0,0,0,0,0,0,16,58,0,0,0.12,3,8,7,1,0,209,79,38%,7,22,30
Anthony  Gordon ,0,0,0,0,0,0,0,0,0,0,0,0,21,1,100,19,13,"2,111",18.2,0,171,0,0,54,44,25,7,0,0,0,0,0,0,0,22,272,0,0,0.16,0,15,4,1,0,165,68,41%,4,16,22
Callum  Wilson ,0,0,0,0,0,0,0,0,0,0,0,0,26,0,279,88,23,"2,550",11.54,0,76,0,0,75,30,81,55,0,0,0,0,0,0,0,32,100,0,0,0.4,15,58,13,16,0,413,181,44%,13,77,151
Alexander  Isak ,0,0,0,0,0,0,0,0,0,0,0,0,4,0,33,31,3,826,15.88,0,23,0,0,32,10,20,9,0,0,0,0,0,0,0,7,17,0,0,0.6,3,27,1,7,0,129,68,53%,3,26,22
Garang  Kuol ,0,0,0,0,0,0,0,0,0,0,0,0,0,0,0,0,0,0,0,0,0,0,0,0,0,0,0,0,0,0,0,0,0,0,0,0,0,0,0,0,0,0,0,0,0,0,0%,0,0,0
Ben  Parkinson ,0,0,0,0,0,0,0,0,0,0,0,0,0,0,0,0,0,3,3,0,0,0,0,0,0,1,1,0,0,0,0,0,0,0,0,0,0,0,0,0,0,0,0,0,0,0,0%,0,0,1
Amadou  Diallo ,0,0,0,0,0,0,0,0,0,0,0,0,0,0,0,0,0,1,1,0,0,0,0,0,0,0,0,0,0,0,0,0,0,0,0,0,0,0,0,0,0,0,0,0,0,0,0%,0,0,0
Michael  Ndiweni ,0,0,0,0,0,0,0,0,0,0,0,0,0,0,0,0,0,2,2,0,0,0,0,0,0,0,0,0,0,0,0,0,0,0,0,0,0,0,0,0,0,0,0,0,0,0,0%,0,0,0
Wayne  Hennessey ,633,3,73,274,95,0,703,"1,667",37,312,13,1,4,0,1,0,1,"5,013",26.81,"1,671",0,0,0,0,0,0,0,0,0,0,0,0,0,0,0,0,0,0,0,0,0,0,0,0,0,0,0,0,0,0
Matt  Turner ,55,0,5,28,2,0,99,136,2,28,3,0,2,0,0,0,0,473,27.82,138,0,0,0,0,0,0,0,0,0,0,0,0,0,0,0,0,0,0,0,0,0,0,0,0,0,0,0,0,0,0
Odysseas  Vlachodimos ,10,0,4,2,0,0,21,44,1,12,0,0,0,0,0,0,0,153,30.6,33,0,0,0,0,0,0,0,0,0,0,0,0,0,0,0,0,0,0,0,0,0,0,0,0,0,0,0,0,0,0
Matz  Sels ,38,0,6,11,1,0,51,93,1,27,1,0,1,0,0,0,0,325,20.31,85,0,0,0,0,0,0,0,0,0,0,0,0,0,0,0,0,0,0,0,0,0,0,0,0,0,0,0,0,0,0
Neco  Williams ,0,0,0,0,0,0,0,0,3,77,0,0,13,0,64,1,2,"1,532",21.89,74,152,63%,1,18,70,87,53,4,266,323,279,50,57,58,5,195,18%,4,0,0,1,0,0,0,0,0,0,3,0,6
Harry  Toffolo ,0,0,0,0,0,0,0,0,2,46,0,0,5,0,27,1,3,737,17.55,23,43,51%,1,2,24,74,33,0,111,92,86,4,38,29,3,76,29%,0,0,1,0,0,0,0,0,0,0,0,0,0
Moussa  Niakhaté ,0,0,0,0,0,0,0,0,2,56,0,0,4,1,23,1,0,987,28.2,47,60,57%,1,2,33,103,40,1,169,107,66,3,35,20,0,13,8%,0,0,0,0,0,0,0,0,0,0,0,0,0
Willy-Arnaud  Boly ,0,0,0,0,0,0,0,0,31,137,0,0,9,3,100,7,4,"5,158",42.98,222,259,61%,1,13,194,524,297,1,606,700,387,33,372,175,10,3,0%,3,0,5,1,0,0,0,0,0,0,1,0,9
 Felipe ,0,0,0,0,0,0,0,0,1,42,0,0,8,0,25,0,1,769,33.43,42,54,59%,1,7,40,100,50,1,128,148,90,15,66,36,2,2,0%,0,0,0,0,0,0,0,0,0,0,1,0,4
Zach  Abbott ,0,0,0,0,0,0,0,0,0,0,0,0,0,0,0,0,0,0,0,0,0,0%,0,0,0,0,0,0,0,0,0,0,0,0,0,0,0%,0,0,0,0,0,0,0,0,0,0,0,0,0
Ola  Aina ,0,0,0,0,0,0,0,0,7,75,0,0,6,0,50,3,2,"2,111",37.7,86,84,61%,0,8,63,123,63,0,246,230,177,48,48,48,1,80,20%,2,0,0,1,1,0,0,0,0,0,0,0,4
Gonzalo  Montiel ,0,0,0,0,0,0,0,0,0,11,1,0,5,0,6,0,2,318,22.71,14,22,86%,0,2,9,30,20,0,42,36,30,1,12,9,4,16,6%,1,0,0,0,0,0,0,0,0,0,0,0,2
 Murillo ,0,0,0,0,0,0,0,0,3,56,0,1,5,0,38,0,2,"1,444",45.12,117,50,62%,3,1,37,185,78,3,146,115,121,20,38,40,2,4,25%,6,0,0,0,0,0,0,0,0,0,1,0,0
Nuno  Tavares ,0,0,0,0,0,0,0,0,4,28,1,0,4,0,31,1,1,804,26.8,18,32,66%,0,4,10,45,29,0,101,97,102,24,27,24,1,56,20%,0,0,0,1,0,0,0,0,0,0,0,0,1
Andrew  Omobamidele ,0,0,0,0,0,0,0,0,0,24,1,1,3,0,9,1,0,536,33.5,27,18,50%,0,2,18,55,29,1,50,38,38,0,13,20,0,0,0%,0,0,1,0,0,0,0,0,0,0,0,0,0
Morgan  Gibbs-White ,0,0,0,0,0,0,0,0,0,0,0,0,18,0,89,11,19,"2,889",24.08,145,80,63%,0,48,37,30,15,0,417,437,576,116,138,214,27,383,25%,38,0.09,1,10,0,3,0,155,43,28%,4,13,15
Cheikhou  Kouyaté ,0,0,0,0,0,0,0,0,0,0,1,0,37,1,333,15,11,"8,163",28.05,304,591,66%,0,37,389,593,354,0,"1,411","1,693","1,358",156,706,530,6,111,17%,8,0.05,7,7,0,0,0,191,61,32%,9,13,17
Ryan  Yates ,0,0,0,0,0,0,0,0,0,0,0,0,11,0,104,1,3,"1,394",22.85,54,104,56%,0,18,31,83,38,0,221,293,213,9,74,59,4,14,14%,2,0.02,0,1,0,0,0,58,12,21%,1,3,3
 Danilo ,0,0,0,0,0,0,0,0,0,0,0,0,5,0,17,5,4,951,22.64,59,54,44%,0,10,44,59,15,0,178,115,117,31,19,24,3,29,14%,6,0.12,0,2,3,0,0,38,11,29%,0,1,4
Ibrahim  Sangaré ,0,0,0,0,0,0,0,0,0,0,0,0,6,0,22,0,0,419,24.65,23,42,55%,0,3,16,19,8,0,70,65,69,6,9,16,0,2,0%,3,0,0,0,0,0,0,8,0,0%,0,1,2
Nicolás  Domínguez ,0,0,0,0,0,0,0,0,0,0,0,0,4,0,26,2,2,829,31.88,27,63,54%,0,8,18,23,11,0,108,107,85,7,21,19,2,6,33%,2,0.08,1,1,0,0,0,22,6,27%,0,1,2
Jamie  McDonnell ,0,0,0,0,0,0,0,0,0,0,0,0,0,0,0,0,0,0,0,0,0,0%,0,0,0,0,0,0,0,0,0,0,0,0,0,0,0%,0,0,0,0,0,0,0,0,0,0%,0,0,0
Giovanni  Reyna ,0,0,0,0,0,0,0,0,0,0,0,0,0,0,3,0,1,129,14.33,4,7,43%,0,1,2,0,0,0,14,19,23,3,7,9,0,8,25%,0,0,0,0,0,0,0,5,2,40%,0,0,0
Taiwo  Awoniyi ,0,0,0,0,0,0,0,0,0,0,0,0,4,0,33,16,4,391,8.32,0,26,0,0,6,5,29,24,0,0,0,0,0,0,0,3,4,0,0,0.34,4,9,3,0,0,57,26,46%,2,12,28
Detlef  Esapa Osong ,0,0,0,0,0,0,0,0,0,0,0,0,0,0,0,0,0,0,0,0,0,0,0,0,0,0,0,0,0,0,0,0,0,0,0,0,0,0,0,0,0,0,0,0,0,0,0%,0,0,0
Chris  Wood ,0,0,0,0,0,0,0,0,0,0,0,0,5,0,182,69,8,"3,406",15,0,60,0,0,57,13,129,93,0,0,0,0,0,0,0,14,41,0,0,0.3,23,30,15,5,0,350,168,48%,12,77,180
Anthony  Elanga ,0,0,0,0,0,0,0,0,0,0,0,0,1,0,22,8,12,"1,231",16.41,0,66,0,0,17,20,25,15,0,0,0,0,0,0,0,19,88,0,0,0.11,3,4,1,0,0,87,35,40%,4,15,26
Divock  Origi ,0,0,0,0,0,0,0,0,0,0,0,0,2,0,63,22,7,"1,085",8.54,0,43,0,0,28,11,15,7,0,0,0,0,0,0,0,8,84,0,0,0.17,7,11,4,0,0,120,50,42%,5,14,31
Callum  Hudson-Odoi ,0,0,0,0,0,0,0,0,0,0,0,0,2,0,47,12,12,"2,212",21.9,0,73,0,0,40,23,25,8,0,0,0,0,0,0,0,19,251,0,0,0.12,0,12,0,0,0,108,41,38%,4,7,24
Joe  Gardner ,0,0,0,0,0,0,0,0,0,0,0,0,0,0,0,0,0,0,0,0,0,0,0,0,0,0,0,0,0,0,0,0,0,0,0,0,0,0,0,0,0,0,0,0,0,0,0%,0,0,0
Rodrigo  Ribeiro ,0,0,0,0,0,0,0,0,0,0,0,0,0,0,1,0,0,8,2,0,0,0,0,0,1,0,0,0,0,0,0,0,0,0,0,0,0,0,0,0,0,0,0,0,0,0,0%,0,0,0
Adam  Davies ,0,0,0,0,0,0,0,0,0,0,0,0,0,0,0,0,0,0,0,0,0,0,0,0,0,0,0,0,0,0,0,0,0,0,0,0,0,0,0,0,0,0,0,0,0,0,0,0,0,0
Wes  Foderingham ,133,0,11,26,5,0,101,262,1,79,5,1,2,0,1,0,0,943,31.43,228,0,0,0,0,0,0,0,0,0,0,0,0,0,0,0,0,0,0,0,0,0,0,0,0,0,0,0,0,0,0
Jordan  Amissah ,0,0,0,0,0,0,0,0,0,0,0,0,0,0,0,0,0,0,0,0,0,0,0,0,0,0,0,0,0,0,0,0,0,0,0,0,0,0,0,0,0,0,0,0,0,0,0,0,0,0
Ivo  Grbic ,37,0,5,8,1,0,25,89,0,25,1,0,1,0,0,0,0,271,30.11,68,0,0,0,0,0,0,0,0,0,0,0,0,0,0,0,0,0,0,0,0,0,0,0,0,0,0,0,0,0,0
George  Baldock ,0,0,0,0,0,0,0,0,17,111,1,0,18,0,112,2,6,"2,334",28.12,56,127,69%,1,11,69,161,85,1,338,348,365,65,80,98,8,208,25%,1,0,0,2,0,0,0,0,0,0,0,0,22
Chris  Basham ,0,0,0,0,0,0,0,0,14,106,1,0,11,0,64,1,4,"2,792",28.49,139,198,60%,0,2,146,323,181,5,412,502,341,54,185,141,3,93,15%,0,0,0,1,0,0,0,0,0,0,1,0,13
John  Egan ,0,0,0,0,0,0,0,0,16,94,1,0,12,2,69,2,1,"2,596",35.56,208,91,57%,2,17,112,334,148,1,327,350,252,1,228,146,2,6,17%,0,0,1,1,0,0,0,0,0,0,0,0,1
Max  Lowe ,0,0,0,0,0,0,0,0,0,22,0,0,2,0,17,0,1,279,15.5,9,47,45%,0,3,10,20,4,0,32,72,78,9,10,31,1,30,7%,0,0,0,0,0,0,0,0,0,0,0,0,1
Anel  Ahmedhodzic ,0,0,0,0,0,0,0,0,1,89,1,0,9,1,34,2,0,955,30.81,47,64,56%,2,4,34,134,42,0,106,139,108,11,51,36,1,6,17%,1,0,1,1,0,0,0,0,0,0,1,0,2
Jack  Robinson ,0,0,0,0,0,0,0,0,4,106,0,2,14,0,34,1,2,"1,778",32.93,102,71,56%,2,5,52,196,84,2,225,223,151,11,116,86,2,25,20%,1,0,0,0,1,0,0,0,0,0,0,0,2
Jayden  Bogle ,0,0,0,0,0,0,0,0,3,99,0,1,11,0,53,5,0,"1,084",21.68,38,99,60%,1,14,46,104,59,0,203,234,247,36,68,51,0,52,21%,1,0,0,3,2,0,0,0,0,0,0,0,5
Rhys  Norrington-Davies ,0,0,0,0,0,0,0,0,0,6,0,0,1,0,3,0,0,54,10.8,1,1,100%,0,0,1,2,1,0,4,4,7,1,1,1,0,2,0%,0,0,0,0,0,0,0,0,0,0,0,0,1
Jili  Buyabu ,0,0,0,0,0,0,0,0,0,0,0,0,0,0,0,0,0,0,0,0,0,0%,0,0,0,0,0,0,0,0,0,0,0,0,0,0,0%,0,0,0,0,0,0,0,0,0,0,0,0,0
Yasser  Larouci ,0,0,0,0,0,0,0,0,0,11,0,0,1,0,5,0,0,165,15,2,17,53%,0,2,7,20,10,0,34,33,25,10,1,4,1,6,0%,0,0,0,0,0,0,0,0,0,0,0,0,1
Auston  Trusty ,0,0,0,0,0,0,0,0,1,81,1,0,4,0,23,0,0,846,26.44,38,47,64%,3,1,35,145,82,1,89,127,104,6,63,51,3,5,40%,0,0,0,0,0,0,0,0,0,0,1,0,3
Evan  Easton ,0,0,0,0,0,0,0,0,0,0,0,0,0,0,0,0,0,0,0,0,0,0%,0,0,0,0,0,0,0,0,0,0,0,0,0,0,0%,0,0,0,0,0,0,0,0,0,0,0,0,0
Mason  Holgate ,0,0,0,0,0,0,0,0,28,180,3,1,31,3,115,3,5,"4,736",34.82,405,227,64%,3,7,160,514,256,2,582,617,446,41,244,188,9,101,18%,4,0,1,1,1,0,0,0,0,0,2,0,4
Sam  Curtis ,0,0,0,0,0,0,0,0,0,0,0,0,0,0,0,0,0,7,7,0,1,0%,0,0,0,0,0,0,1,1,2,0,0,0,0,1,0%,0,0,0,0,0,0,0,0,0,0,0,0,0
Dovydas  Sasnauskas ,0,0,0,0,0,0,0,0,0,0,0,0,0,0,0,0,0,0,0,0,0,0%,0,0,0,0,0,0,0,0,0,0,0,0,0,0,0%,0,0,0,0,0,0,0,0,0,0,0,0,0
Oliver  Norwood ,0,0,0,0,0,0,0,0,0,0,0,0,22,0,73,2,1,"4,267",43.99,412,156,54%,0,12,104,124,59,0,555,274,300,12,74,64,9,364,28%,4,0.02,0,2,0,2,0,43,13,30%,0,0,1
Ben  Osborn ,0,0,0,0,0,0,0,0,0,0,0,0,4,0,27,1,2,"1,480",24.26,51,70,53%,0,8,26,45,22,0,218,154,175,30,25,48,6,131,23%,3,0.02,0,1,0,0,0,16,5,31%,0,0,6
Oliver  Arblaster ,0,0,0,0,0,0,0,0,0,0,0,0,2,0,10,0,0,428,35.67,21,23,61%,0,0,15,8,1,0,52,61,47,17,9,15,1,7,0%,0,0,0,0,0,0,0,1,1,100%,0,0,0
Andre  Brooks ,0,0,0,0,0,0,0,0,0,0,0,0,1,0,11,0,0,248,12.4,3,22,59%,0,3,14,14,2,0,45,54,67,12,11,14,0,8,0%,0,0,0,0,0,0,0,9,2,22%,0,1,0
Anis  Ben Slimane ,0,0,0,0,0,0,0,0,0,0,0,0,2,0,7,0,0,136,9.07,2,11,55%,0,2,5,7,3,0,35,26,56,2,7,18,0,0,0%,1,0,0,0,0,0,0,8,3,38%,0,2,2
Vinicius  Souza ,0,0,0,0,0,0,0,0,0,0,0,0,3,0,48,1,0,979,27.19,39,125,61%,0,4,32,75,49,0,153,220,152,17,67,41,0,10,20%,0,0.03,0,1,0,0,0,14,6,43%,0,0,2
Gustavo  Hamer ,0,0,0,0,0,0,0,0,0,0,0,0,9,0,50,4,6,982,27.28,42,39,54%,0,15,29,32,11,0,162,90,154,28,6,16,10,115,29%,5,0.11,0,3,1,0,0,49,15,31%,0,1,6
Tom  Davies ,0,0,0,0,0,0,0,0,0,0,2,0,31,0,163,6,5,"4,008",24.44,183,191,60%,0,34,141,103,53,0,574,561,636,101,96,151,7,54,20%,15,0.04,1,3,2,0,0,86,20,23%,3,6,10
James  McAtee ,0,0,0,0,0,0,0,0,0,0,0,0,2,0,16,3,3,502,15.21,7,32,66%,0,8,11,15,4,0,97,106,161,34,13,31,4,36,25%,6,0.09,0,1,2,1,0,27,9,33%,0,2,1
Ryan  Oné ,0,0,0,0,0,0,0,0,0,0,0,0,0,0,0,0,0,1,1,0,0,0%,0,0,0,0,0,0,1,0,0,0,0,0,0,0,0%,0,0,0,0,0,0,0,0,0,0%,0,0,0
Sydie  Peck ,0,0,0,0,0,0,0,0,0,0,0,0,0,0,0,0,0,1,1,0,0,0%,0,0,0,0,0,0,1,0,0,0,0,0,0,0,0%,0,0,0,0,0,0,0,0,0,0%,0,0,0
Owen  Hampson ,0,0,0,0,0,0,0,0,0,0,0,0,0,0,0,0,0,0,0,0,0,0%,0,0,0,0,0,0,0,0,0,0,0,0,0,0,0%,0,0,0,0,0,0,0,0,0,0%,0,0,0
Rhian  Brewster ,0,0,0,0,0,0,0,0,0,0,0,0,1,1,23,0,0,280,7,0,13,0,0,10,6,6,2,0,0,0,0,0,0,0,4,19,0,0,0,0,0,0,0,0,31,11,35%,1,2,5
Oliver  McBurnie ,0,0,0,0,0,0,0,0,0,0,0,0,9,2,76,13,4,"1,587",16.53,0,74,0,0,20,26,100,91,0,0,0,0,0,0,0,7,22,0,0,0.14,4,8,1,2,0,120,59,49%,3,25,13
William  Osula ,0,0,0,0,0,0,0,0,0,0,0,0,4,0,15,0,0,90,4.29,0,2,0,0,6,2,9,3,0,0,0,0,0,0,0,1,2,0,0,0,0,0,0,0,0,21,8,38%,0,2,6
Daniel  Jebbison ,0,0,0,0,0,0,0,0,0,0,0,0,0,0,6,1,0,38,7.6,0,6,0,0,1,1,0,0,0,0,0,0,0,0,0,0,1,0,0,0.2,0,1,0,0,0,4,2,50%,0,2,1
Cameron  Archer ,0,0,0,0,0,0,0,0,0,0,0,0,2,0,20,4,1,348,8.92,0,18,0,0,16,1,9,3,0,0,0,0,0,0,0,6,6,0,0,0.1,0,4,0,0,0,43,11,26%,1,6,14
Ben  Brereton ,0,0,0,0,0,0,0,0,0,0,0,0,3,0,11,6,1,253,18.07,0,9,0,0,9,3,11,4,0,0,0,0,0,0,0,3,9,0,0,0.43,1,5,0,1,0,35,19,54%,1,5,11
Billy  Blacker ,0,0,0,0,0,0,0,0,0,0,0,0,0,0,0,0,0,0,0,0,0,0,0,0,0,0,0,0,0,0,0,0,0,0,0,0,0,0,0,0,0,0,0,0,0,0,0%,0,0,0
Louie  Marsh ,0,0,0,0,0,0,0,0,0,0,0,0,0,0,0,0,0,0,0,0,0,0,0,0,0,0,0,0,0,0,0,0,0,0,0,0,0,0,0,0,0,0,0,0,0,0,0%,0,0,0
Fraser  Forster ,379,4,57,106,25,0,465,"1,099",45,189,8,0,6,0,1,0,0,"3,579",24.18,976,0,0,0,0,0,0,0,0,0,0,0,0,0,0,0,0,0,0,0,0,0,0,0,0,0,0,0,0,0,0
Brandon  Austin ,0,0,0,0,0,0,0,0,0,0,0,0,0,0,0,0,0,0,0,0,0,0,0,0,0,0,0,0,0,0,0,0,0,0,0,0,0,0,0,0,0,0,0,0,0,0,0,0,0,0
Alfie  Whiteman ,0,0,0,0,0,0,0,0,0,0,0,0,0,0,0,0,0,0,0,0,0,0,0,0,0,0,0,0,0,0,0,0,0,0,0,0,0,0,0,0,0,0,0,0,0,0,0,0,0,0
Guglielmo  Vicario ,110,0,15,30,2,0,193,201,7,61,0,0,2,0,0,0,0,"1,371",36.08,85,0,0,0,0,0,0,0,0,0,0,0,0,0,0,0,0,0,0,0,0,0,0,0,0,0,0,0,0,0,0
Emerson  Royal ,0,0,0,0,0,0,0,0,12,83,0,0,11,1,63,4,2,"2,946",37.29,71,162,64%,0,9,60,188,102,0,336,396,299,42,77,91,2,134,19%,4,0,0,3,0,0,0,0,0,0,0,0,2
Cristian  Romero ,0,0,0,0,0,0,0,0,18,108,2,1,23,2,101,6,1,"5,486",66.9,200,196,59%,5,7,121,269,156,1,510,461,268,27,190,95,3,3,0%,12,0,3,3,0,0,0,0,0,0,4,0,3
Ben  Davies ,0,0,0,0,0,0,0,0,76,300,1,0,39,0,245,10,19,"12,722",42.98,468,504,67%,2,40,337,842,438,3,981,"1,344","1,156",98,532,493,25,674,22%,10,0,3,1,6,0,0,0,0,0,3,0,11
Alfie  Dorrington ,0,0,0,0,0,0,0,0,0,0,0,0,0,0,0,0,0,0,0,0,0,0%,0,0,0,0,0,0,0,0,0,0,0,0,0,0,0%,0,0,0,0,0,0,0,0,0,0,0,0,0
Pedro  Porro ,0,0,0,0,0,0,0,0,6,80,2,0,3,0,49,6,10,"2,343",46.86,92,116,68%,1,21,49,100,38,0,284,215,225,40,18,25,17,275,23%,21,0,0,6,0,0,0,0,0,0,3,0,2
Destiny  Udogie ,0,0,0,0,0,0,0,0,2,40,3,0,5,1,51,2,3,"1,214",43.36,7,68,49%,1,2,37,67,40,0,169,150,151,24,22,27,3,22,5%,0,0,0,0,2,0,0,0,0,0,0,0,3
Ashley  Phillips ,0,0,0,0,0,0,0,0,0,0,0,0,0,0,0,0,0,0,0,0,0,0%,0,0,0,0,0,0,0,0,0,0,0,0,0,0,0%,0,0,0,0,0,0,0,0,0,0,0,0,0
Micky  van de Ven ,0,0,0,0,0,0,0,0,5,38,0,0,5,0,13,3,0,"1,783",66.04,41,49,71%,4,1,18,71,34,1,144,119,84,15,38,41,0,3,0%,0,0,0,0,3,0,0,0,0,0,0,0,1
Radu  Dragusin ,0,0,0,0,0,0,0,0,1,7,0,0,1,0,6,0,0,369,41,6,5,60%,0,0,8,18,11,0,21,19,14,1,9,6,0,0,0%,1,0,0,0,0,0,0,0,0,0,0,0,1
Oliver  Skipp ,0,0,0,0,0,0,0,0,0,0,1,0,16,0,52,1,0,"2,156",28,67,94,56%,0,8,33,38,15,0,238,193,190,19,34,51,1,17,24%,5,0.01,0,1,0,0,0,17,5,29%,0,1,1
Pierre-Emile  Højbjerg ,0,0,0,0,0,0,0,0,0,0,3,0,41,2,299,12,15,"14,660",57.72,784,504,60%,0,64,340,327,173,0,"1,865","1,243","1,136",206,250,189,20,141,29%,42,0.05,0,10,2,0,0,240,73,30%,7,11,3
Ryan  Sessegnon ,0,0,0,0,0,0,0,0,6,91,0,0,6,0,58,4,8,"1,459",19.99,29,70,69%,0,15,35,86,37,0,245,199,291,47,45,70,14,147,18%,7,0,1,1,2,0,0,0,0,0,1,0,29
Pape  Sarr ,0,0,0,0,0,0,0,0,0,0,0,0,10,0,36,3,4,"1,467",32.6,28,41,73%,0,11,37,34,22,0,166,109,127,21,27,32,3,25,20%,6,0.07,0,1,2,0,0,38,14,37%,1,3,0
Rodrigo  Bentancur ,0,0,0,0,0,0,0,0,0,0,0,0,20,0,66,6,7,"2,651",45.71,81,104,59%,0,12,57,69,38,0,270,238,238,46,50,56,6,34,24%,12,0.1,0,4,2,0,0,47,16,34%,1,2,0
Yves  Bissouma ,0,0,0,0,0,0,0,0,0,0,2,0,42,3,208,3,2,"6,766",41.51,237,387,65%,0,36,217,210,125,0,849,836,665,200,118,111,5,26,19%,15,0.02,0,3,0,0,0,140,23,16%,2,4,3
Alfie  Devine ,0,0,0,0,0,0,0,0,0,0,0,0,0,0,0,0,0,0,0,0,0,0%,0,0,0,0,0,0,0,0,0,0,0,0,0,0,0%,0,0,0,0,0,0,0,0,0,0%,0,0,0
Dejan  Kulusevski ,0,0,0,0,0,0,0,0,0,0,0,0,12,0,110,15,18,"2,264",26.95,31,119,51%,0,58,44,9,3,0,353,332,494,131,14,30,26,176,26%,24,0.18,1,3,11,0,0,126,44,35%,1,7,17
James  Maddison ,0,0,0,0,0,0,0,0,0,0,1,0,29,1,154,47,41,"7,211",37.75,333,263,54%,0,149,67,33,10,0,654,974,800,239,32,97,61,912,25%,88,0.25,0,35,12,2,8,447,155,35%,8,23,23
Giovani  Lo Celso ,0,0,0,0,0,0,0,0,0,0,0,0,13,0,61,3,5,"2,168",28.16,85,109,62%,0,14,22,24,10,0,240,286,276,57,23,45,6,111,21%,11,0.04,0,0,3,0,0,55,16,29%,2,3,2
Mikey  Moore ,0,0,0,0,0,0,0,0,0,0,0,0,0,0,1,0,0,5,2.5,0,0,0%,0,0,0,1,0,0,0,0,1,0,0,0,0,0,0%,0,0,0,0,0,0,0,0,0,0%,0,0,0
Tyrese  Hall ,0,0,0,0,0,0,0,0,0,0,0,0,0,0,0,0,0,0,0,0,0,0%,0,0,0,0,0,0,0,0,0,0,0,0,0,0,0%,0,0,0,0,0,0,0,0,0,0%,0,0,0
Son  Heung-Min ,0,0,0,0,0,0,0,0,0,0,0,0,9,2,118,120,62,"7,570",24.98,0,201,0,0,174,105,62,26,0,0,0,0,0,0,0,83,718,0,0,0.4,4,70,46,3,1,668,311,47%,27,70,166
 Richarlison ,0,0,0,0,0,0,0,0,0,0,0,0,36,2,215,60,23,"4,295",18.84,0,310,0,0,143,91,208,145,0,0,0,0,0,0,0,36,259,0,0,0.26,15,27,17,4,0,510,177,35%,13,53,122
Jamie  Donley ,0,0,0,0,0,0,0,0,0,0,0,0,1,0,1,0,0,1,0.33,0,0,0,0,0,0,2,1,0,0,0,0,0,0,0,0,0,0,0,0,0,0,0,0,0,0,0,0%,0,0,0
Bryan  Gil ,0,0,0,0,0,0,0,0,0,0,0,0,1,0,5,0,1,257,10.71,0,7,0,0,1,4,5,2,0,0,0,0,0,0,0,0,19,0,0,0,0,0,0,0,0,7,3,43%,1,1,2
Manor  Solomon ,0,0,0,0,0,0,0,0,0,0,0,0,1,0,7,4,2,284,11.83,0,24,0,0,5,8,3,1,0,0,0,0,0,0,0,1,9,0,0,0.17,1,2,1,0,0,18,8,44%,0,0,3
Brennan  Johnson ,0,0,0,0,0,0,0,0,0,0,0,0,9,0,55,13,13,"1,140",15.62,0,64,0,0,23,15,13,6,0,0,0,0,0,0,0,16,129,0,0,0.18,0,10,3,1,0,108,48,44%,4,24,31
Yago  Santiago ,0,0,0,0,0,0,0,0,0,0,0,0,0,0,0,0,0,0,0,0,0,0,0,0,0,0,0,0,0,0,0,0,0,0,0,0,0,0,0,0,0,0,0,0,0,0,0%,0,0,0
Dane  Scarlett ,0,0,0,0,0,0,0,0,0,0,0,0,0,0,1,0,0,4,0.67,0,1,0,0,0,0,0,0,0,0,0,0,0,0,0,0,0,0,0,0,0,0,0,0,0,0,0,0%,0,0,0
Timo  Werner ,0,0,0,0,0,0,0,0,0,0,0,0,4,0,42,12,12,"1,474",21.36,0,35,0,0,48,13,11,3,0,0,0,0,0,0,0,13,86,0,0,0.17,1,9,2,0,0,153,55,36%,9,28,50
Lukasz  Fabianski ,"1,164",11,193,435,129,0,"1,767","2,859",90,508,18,0,9,1,8,0,2,"8,987",24.83,"2,645",0,0,0,0,0,0,0,0,0,0,0,0,0,0,0,0,0,0,0,0,0,0,0,0,0,0,0,0,0,0
Alphonse  Areola ,265,2,38,45,10,0,334,514,13,109,2,1,3,0,3,0,0,"1,670",22.88,368,0,0,0,0,0,0,0,0,0,0,0,0,0,0,0,0,0,0,0,0,0,0,0,0,0,0,0,0,0,0
Joseph  Anang ,0,0,0,0,0,0,0,0,0,0,0,0,0,0,0,0,0,0,0,0,0,0,0,0,0,0,0,0,0,0,0,0,0,0,0,0,0,0,0,0,0,0,0,0,0,0,0,0,0,0
Jacob  Knightbridge ,0,0,0,0,0,0,0,0,0,0,0,0,0,0,0,0,0,0,0,0,0,0,0,0,0,0,0,0,0,0,0,0,0,0,0,0,0,0,0,0,0,0,0,0,0,0,0,0,0,0
Ben  Johnson ,0,0,0,0,0,0,0,0,0,0,0,0,3,0,30,2,0,"1,599",23.17,84,84,55%,0,3,51,105,45,0,236,186,164,31,51,53,2,132,20%,0,0.03,0,1,1,0,0,17,5,29%,0,0,2
Aaron  Cresswell ,0,0,0,0,0,0,0,0,63,391,6,0,33,1,126,10,30,"11,573",39.36,781,293,60%,1,44,327,705,339,5,"1,341",878,786,74,358,289,49,"1,236",23%,9,0,0,1,9,0,0,0,0,0,7,0,23
Kurt  Zouma ,0,0,0,0,0,0,0,0,59,307,2,2,17,1,152,15,4,"10,407",42.13,638,219,68%,6,27,342,"1,141",605,1,936,"1,015",548,57,660,289,2,21,10%,1,0,14,1,0,0,0,0,0,0,4,0,6
Vladimír  Coufal ,0,0,0,0,0,0,0,0,19,182,0,1,16,2,120,0,19,"4,364",34.91,151,240,55%,0,10,144,293,156,0,604,544,466,45,166,136,23,458,21%,2,0,0,0,0,0,0,0,0,0,3,0,4
Angelo  Ogbonna ,0,0,0,0,0,0,0,0,45,281,3,1,23,0,122,8,1,"6,656",33.11,436,224,64%,2,14,268,921,499,0,817,834,516,32,504,307,4,12,50%,3,0,6,0,1,0,0,0,0,0,2,0,1
Nayef  Aguerd ,0,0,0,0,0,0,0,0,7,72,1,0,5,1,18,3,0,"1,923",49.31,169,53,60%,1,6,35,158,76,2,207,154,105,7,80,64,1,5,0%,1,0,3,0,0,0,0,0,0,0,0,0,2
 Emerson ,0,0,0,0,0,0,0,0,9,131,0,1,15,0,63,2,3,"3,359",36.91,90,178,62%,2,15,87,154,80,2,319,381,277,57,71,53,5,195,18%,4,0,0,0,2,0,0,0,0,0,3,0,3
Levi  Laing ,0,0,0,0,0,0,0,0,0,0,0,0,0,0,0,0,0,0,0,0,0,0%,0,0,0,0,0,0,0,0,0,0,0,0,0,0,0%,0,0,0,0,0,0,0,0,0,0,0,0,0
Kaelan  Casey ,0,0,0,0,0,0,0,0,0,0,0,0,0,0,0,0,0,0,0,0,0,0%,0,0,0,1,1,0,0,1,0,0,1,0,0,0,0%,0,0,0,0,0,0,0,0,0,0,0,0,0
Konstantinos  Mavropanos ,0,0,0,0,0,0,0,0,4,31,2,2,3,1,19,1,0,867,33.35,59,30,57%,2,1,36,94,41,0,89,97,58,5,50,34,1,1,0%,1,0,1,0,0,0,0,0,0,0,0,0,0
Lucas  Paquetá ,0,0,0,0,0,0,0,0,0,0,0,0,15,0,97,8,9,"2,536",42.98,116,142,71%,0,20,37,56,40,0,338,409,426,76,97,92,15,57,25%,43,0.14,1,1,6,3,0,95,27,28%,4,6,6
Tomás  Soucek ,0,0,0,0,0,0,0,0,0,0,1,0,20,1,210,27,7,"5,266",33.12,237,303,53%,0,44,226,408,250,0,764,"1,097",971,32,661,515,11,50,24%,2,0.17,7,14,5,0,0,206,71,34%,3,18,18
Kamarai  Simon-Swyer ,0,0,0,0,0,0,0,0,0,0,0,0,0,0,0,0,0,0,0,0,0,0%,0,0,0,0,0,0,0,0,0,0,0,0,0,0,0%,0,0,0,0,0,0,0,0,0,0%,0,0,0
George  Earthy ,0,0,0,0,0,0,0,0,0,0,0,0,0,0,1,1,0,17,5.67,0,0,0%,0,0,1,0,0,0,4,0,2,0,0,0,0,0,0%,0,0.33,0,1,0,0,0,1,1,100%,0,0,0
Edson  Álvarez ,0,0,0,0,0,0,0,0,0,0,0,0,11,0,33,1,1,"1,195",38.55,60,80,49%,0,8,42,70,36,0,164,152,146,27,30,36,0,4,25%,2,0.03,0,1,0,0,0,17,3,18%,0,0,1
James  Ward-Prowse ,0,0,0,0,0,0,0,0,0,0,1,0,46,2,316,56,45,"14,478",38.1,551,485,62%,0,118,362,429,216,0,"1,817","1,099","1,425",96,320,481,68,"2,081",27%,27,0.15,2,49,5,15,17,430,185,43%,11,18,5
Mohammed  Kudus ,0,0,0,0,0,0,0,0,0,0,0,0,6,0,39,8,6,773,23.42,44,65,72%,0,24,11,8,0,0,212,279,252,124,15,29,5,94,22%,3,0.24,0,4,4,0,0,67,17,25%,2,4,16
Kalvin  Phillips ,0,0,0,0,0,0,0,0,0,0,2,0,16,1,106,1,3,"2,907",39.82,234,148,51%,0,8,80,79,35,0,444,296,314,30,59,66,6,96,35%,4,0.01,0,1,0,0,1,41,10,24%,1,2,0
Michail  Antonio ,0,0,0,0,0,0,0,0,0,0,0,0,31,2,282,67,32,"4,299",16.93,0,179,0,0,123,143,157,83,0,0,0,0,0,0,0,34,471,0,0,0.26,25,32,10,1,0,513,195,38%,21,65,108
Maxwel  Cornet ,0,0,0,0,0,0,0,0,0,0,0,0,2,0,24,10,1,513,10.91,0,26,0,0,12,14,17,11,0,0,0,0,0,0,0,2,62,0,0,0.21,1,2,7,0,1,60,25,42%,1,7,38
Danny  Ings ,0,0,0,0,0,0,0,0,0,0,0,0,21,0,143,71,21,"3,179",14.13,0,176,0,0,105,53,106,68,0,0,0,0,0,0,0,21,130,0,0,0.32,9,43,18,10,0,423,171,40%,15,44,86
Jarrod  Bowen ,0,0,0,0,0,0,0,0,0,0,0,0,10,0,101,43,30,"2,958",17.82,0,164,0,0,110,114,47,29,0,0,0,0,0,0,0,45,557,0,0,0.26,7,6,28,1,0,320,118,37%,14,41,60
Divin  Mubama ,0,0,0,0,0,0,0,0,0,0,0,0,0,0,4,0,0,30,3.75,0,1,0,0,1,0,0,0,0,0,0,0,0,0,0,0,0,0,0,0,0,0,0,0,0,1,0,0%,0,0,0
José  Sá ,363,2,37,117,13,0,588,774,26,153,7,1,6,0,4,0,2,"2,806",25.98,385,0,0,0,0,0,0,0,0,0,0,0,0,0,0,0,0,0,0,0,0,0,0,0,0,0,0,0,0,0,0
Dan  Bentley ,19,0,3,4,0,0,23,56,1,10,1,0,0,0,0,0,0,201,28.71,37,0,0,0,0,0,0,0,0,0,0,0,0,0,0,0,0,0,0,0,0,0,0,0,0,0,0,0,0,0,0
Tom  King ,0,0,0,0,0,0,0,0,0,0,0,0,0,0,0,0,0,0,0,0,0,0,0,0,0,0,0,0,0,0,0,0,0,0,0,0,0,0,0,0,0,0,0,0,0,0,0,0,0,0
Rayan  Aït-Nouri ,0,0,0,0,0,0,0,0,10,110,0,1,16,0,69,5,4,"2,893",29.52,74,197,59%,0,14,61,103,52,1,411,515,447,158,57,78,8,219,23%,3,0,2,1,2,0,0,0,0,0,0,0,15
Craig  Dawson ,0,0,0,0,0,0,0,0,64,387,1,3,52,2,274,21,5,"9,980",34.65,769,354,71%,4,47,429,"1,284",754,7,"1,171","1,448","1,020",48,877,517,10,304,21%,7,0,14,5,1,0,0,0,0,0,7,0,18
Nélson  Semedo ,0,0,0,0,0,0,0,0,25,165,1,1,28,2,159,1,4,"5,204",39.73,158,293,60%,1,23,127,276,140,0,689,699,638,185,108,137,3,247,17%,8,0,0,1,0,0,0,0,0,0,0,0,7
Maximilian  Kilman ,0,0,0,0,0,0,0,0,31,159,2,0,17,0,95,3,1,"6,747",53.13,372,158,53%,0,8,126,495,290,6,624,527,323,54,273,153,5,13,23%,2,0,1,0,2,0,0,0,0,0,3,0,2
Toti  Gomes ,0,0,0,0,0,0,0,0,8,69,0,0,14,0,56,2,3,"2,411",43.05,71,70,59%,0,3,45,145,70,5,214,214,153,37,86,58,2,23,22%,1,0,2,0,0,0,0,0,0,0,0,0,4
Hugo  Bueno ,0,0,0,0,0,0,0,0,0,45,0,1,2,0,14,0,1,833,19.37,10,54,56%,0,6,16,50,25,1,127,108,115,22,19,29,3,89,33%,0,0,0,0,0,0,0,0,0,0,0,0,2
Matt  Doherty ,0,0,0,0,0,0,0,0,26,128,0,1,10,1,113,12,14,"4,914",32.98,174,218,59%,2,28,153,238,175,1,530,761,597,71,401,281,18,189,22%,8,0,4,3,5,0,0,0,0,0,3,0,11
Santiago  Bueno ,0,0,0,0,0,0,0,0,0,18,0,0,1,0,10,0,0,476,39.67,14,13,54%,0,0,6,33,19,0,30,34,44,1,16,26,0,2,0%,0,0,0,0,0,0,0,0,0,0,0,0,0
Aaron  Keto-Diyawa ,0,0,0,0,0,0,0,0,0,0,0,0,0,0,0,0,0,0,0,0,0,0%,0,0,0,0,0,0,0,0,0,0,0,0,0,0,0%,0,0,0,0,0,0,0,0,0,0,0,0,0
Mario  Lemina ,0,0,0,0,0,0,0,0,0,0,1,0,24,2,152,7,4,"4,753",37.13,218,294,64%,0,36,164,161,86,0,666,650,511,140,129,101,7,41,22%,19,0.05,3,4,0,0,0,124,33,27%,3,4,12
Pablo  Sarabia ,0,0,0,0,0,0,0,0,0,0,0,0,8,0,34,5,7,"1,143",26.58,44,32,59%,0,22,12,10,5,0,132,94,166,19,10,35,10,177,26%,11,0.12,1,1,3,2,0,66,23,35%,0,7,12
João  Gomes ,0,0,0,0,0,0,0,0,0,0,0,0,16,0,83,3,1,"1,549",34.42,41,157,55%,0,13,22,40,20,0,242,271,254,34,26,30,2,33,39%,7,0.07,1,2,0,0,0,30,10,33%,2,1,1
Boubacar  Traoré ,0,0,0,0,0,0,0,0,0,0,0,0,6,0,33,0,1,588,17.29,20,47,60%,0,4,12,8,3,0,89,80,101,14,13,25,1,7,43%,0,0,0,0,0,0,0,14,1,7%,0,0,1
Tommy  Doyle ,0,0,0,0,0,0,0,0,0,0,0,0,2,0,11,0,0,931,34.48,75,26,50%,0,2,12,17,9,0,94,32,32,1,0,4,1,28,21%,2,0,0,0,0,0,0,15,4,27%,0,0,0
Jean-Ricner  Bellegarde ,0,0,0,0,0,0,0,0,0,0,0,0,0,1,10,2,1,281,12.77,5,17,59%,0,5,8,13,6,0,41,66,78,17,8,27,1,30,10%,1,0.09,0,2,0,0,0,15,5,33%,0,0,2
Matthew  Whittingham ,0,0,0,0,0,0,0,0,0,0,0,0,0,0,0,0,0,0,0,0,0,0%,0,0,0,0,0,0,0,0,0,0,0,0,0,0,0%,0,0,0,0,0,0,0,0,0,0%,0,0,0
Tawanda  Chirewa ,0,0,0,0,0,0,0,0,0,0,0,0,1,0,4,0,0,53,6.62,1,7,43%,0,1,1,0,0,0,3,11,13,1,1,3,0,4,50%,0,0,0,0,0,0,0,3,1,33%,0,0,1
Harvey  Griffiths ,0,0,0,0,0,0,0,0,0,0,0,0,0,0,0,0,0,0,0,0,0,0%,0,0,0,0,0,0,0,0,0,0,0,0,0,0,0%,0,0,0,0,0,0,0,0,0,0%,0,0,0
Temple  Ojinnaka ,0,0,0,0,0,0,0,0,0,0,0,0,0,0,0,0,0,0,0,0,0,0%,0,0,0,0,0,0,0,0,0,0,0,0,0,0,0%,0,0,0,0,0,0,0,0,0,0%,0,0,0
Pedro  Neto ,0,0,0,0,0,0,0,0,0,0,0,0,16,0,63,11,19,"2,468",22.23,0,47,0,0,47,52,14,6,0,0,0,0,0,0,0,28,471,0,0,0.1,0,2,9,0,0,148,46,31%,5,11,13
Hwang  Hee-Chan ,0,0,0,0,0,0,0,0,0,0,0,0,9,0,80,20,5,"1,420",16.51,0,67,0,0,24,28,19,11,0,0,0,0,0,0,0,7,28,0,0,0.23,2,13,5,1,0,90,37,41%,2,12,19
Nathan  Fraser ,0,0,0,0,0,0,0,0,0,0,0,0,1,0,5,0,0,42,6,0,5,0,0,0,1,2,1,0,0,0,0,0,0,0,0,0,0,0,0,0,0,0,0,0,3,2,67%,0,1,0
Matheus  Cunha ,0,0,0,0,0,0,0,0,0,0,0,0,10,0,51,14,7,"1,008",20.57,0,37,0,0,24,22,29,19,0,0,0,0,0,0,0,8,32,0,0,0.29,2,11,1,1,0,99,45,45%,3,7,7
Emilio  Ballard-Matthews ,0,0,0,0,0,0,0,0,0,0,0,0,0,0,0,0,0,0,0,0,0,0,0,0,0,0,0,0,0,0,0,0,0,0,0,0,0,0,0,0,0,0,0,0,0,0,0%,0,0,0
Enso  González ,0,0,0,0,0,0,0,0,0,0,0,0,0,0,0,0,0,6,6,0,0,0,0,0,0,0,0,0,0,0,0,0,0,0,0,0,0,0,0,0,0,0,0,0,0,0,0%,0,0,0
Ty  Barnett ,0,0,0,0,0,0,0,0,0,0,0,0,0,0,0,0,0,0,0,0,0,0,0,0,0,0,0,0,0,0,0,0,0,0,0,0,0,0,0,0,0,0,0,0,0,0,0%,0,0,0
Noha  Lemina ,0,0,0,0,0,0,0,0,0,0,0,0,0,0,0,0,0,0,0,0,0,0%,0,0,0,0,0,0,0,0,0,0,0,0,0,0,0%,0,0,0,0,0,0,0,0,0,0%,0,0,0
Wesley  Okoduwa ,0,0,0,0,0,0,0,0,0,0,0,0,0,0,0,0,0,0,0,0,0,0,0,0,0,0,0,0,0,0,0,0,0,0,0,0,0,0,0,0,0,0,0,0,0,0,0%,0,0,0
Leon  Chiwome ,0,0,0,0,0,0,0,0,0,0,0,0,0,0,2,0,0,22,7.33,0,2,0,0,1,0,2,2,0,0,0,0,0,0,0,0,0,0,0,0,0,0,0,0,0,2,0,0%,0,0,2
Fletcher  Holman ,0,0,0,0,0,0,0,0,0,0,0,0,0,0,0,0,0,0,0,0,0,0,0,0,0,0,0,0,0,0,0,0,0,0,0,0,0,0,0,0,0,0,0,0,0,0,0%,0,0,0
